Date:13.04.26 16:26:00	Unit:C	CHARGE:00:00	TP:01:38	DRYe:05:06	FCs:09:46	FCe:	SCs:	SCe:	DROP:12:16	COOL:	Time:16:26
Time1	Time2	ET	BT	Event	Air(%)	Burner(%)	Drum(%)	VacFlag	VacSP(Pa)
00:00	00:00	228.8	197.3	CHARGE	65.0	8.0	0.0	0	0
00:01	00:01	230.0	198.1		65.0	8.0	0.0	0	0
00:02	00:02	230.2	198.7		65.0	8.0	0.0	0	0
00:03	00:03	225.9	198.1		65.0	8.0	0.0	0	0
00:04	00:04	221.6	194.1		65.0	8.0	0.0	0	0
00:05	00:05	215.2	191.3		65.0	8.0	0.0	0	0
00:06	00:06	207.7	186.8		65.0	8.0	0.0	0	0
00:07	00:07	201.9	182.6		65.0	8.0	0.0	0	0
00:08	00:08	195.7	178.9		65.0	8.0	0.0	0	0
00:09	00:09	189.9	174.6		65.0	8.0	0.0	0	0
00:10	00:10	183.3	172.0		65.0	8.0	0.0	0	0
00:11	00:11	176.6	168.2		65.0	8.0	0.0	0	0
00:12	00:12	172.7	164.2		65.0	8.0	0.0	0	0
00:13	00:13	168.0	161.5		65.0	8.0	0.0	0	0
00:14	00:14	163.4	159.3		65.0	8.0	0.0	0	0
00:15	00:15	159.3	156.6		65.0	8.0	0.0	0	0
00:16	00:16	154.9	154.2		65.0	8.0	0.0	0	0
00:17	00:17	152.5	151.5		65.0	8.0	0.0	0	0
00:18	00:18	148.4	148.7		65.0	14.0	0.0	0	0
00:19	00:19	145.8	145.7		65.0	14.0	0.0	0	0
00:20	00:20	141.8	142.8		65.0	15.0	0.0	0	0
00:21	00:21	139.4	141.5		65.0	15.0	0.0	0	0
00:22	00:22	137.4	139.2		65.0	15.0	0.0	0	0
00:23	00:23	134.9	136.6		65.0	15.0	0.0	0	0
00:24	00:24	133.7	135.4		65.0	15.0	0.0	0	0
00:25	00:25	131.3	132.9		65.0	15.0	0.0	0	0
00:26	00:26	130.0	130.6		65.0	15.0	0.0	0	0
00:27	00:27	128.0	128.2		65.0	15.0	0.0	0	0
00:28	00:28	127.4	127.3		65.0	15.0	0.0	0	0
00:29	00:29	126.8	124.9		65.0	15.0	0.0	0	0
00:30	00:30	126.3	123.4		65.0	15.0	0.0	0	0
00:31	00:31	125.9	120.8		65.0	15.0	0.0	0	0
00:32	00:32	125.4	120.0		65.0	15.0	0.0	0	0
00:33	00:33	125.1	118.5		65.0	15.0	0.0	0	0
00:34	00:34	124.8	117.0		65.0	15.0	0.0	0	0
00:35	00:35	124.4	115.8		65.0	15.0	0.0	0	0
00:36	00:36	124.1	114.2		65.0	15.0	0.0	0	0
00:37	00:37	123.8	112.7		65.0	15.0	0.0	0	0
00:38	00:38	123.5	111.3		65.0	15.0	0.0	0	0
00:39	00:39	123.3	110.0		65.0	15.0	0.0	0	0
00:40	00:40	123.1	108.7		65.0	15.0	0.0	0	0
00:41	00:41	122.8	107.3		65.0	15.0	0.0	0	0
00:42	00:42	122.6	106.1		65.0	15.0	0.0	0	0
00:43	00:43	122.4	105.2		65.0	15.0	0.0	0	0
00:44	00:44	122.2	104.1		65.0	15.0	0.0	0	0
00:45	00:45	122.1	102.9		65.0	15.0	0.0	0	0
00:46	00:46	122.0	101.9		65.0	15.0	0.0	0	0
00:47	00:47	122.0	100.9		65.0	15.0	0.0	0	0
00:48	00:48	121.9	100.0		65.0	15.0	0.0	0	0
00:49	00:49	121.8	99.0		65.0	15.0	0.0	0	0
00:50	00:50	121.8	98.2		65.0	15.0	0.0	0	0
00:51	00:51	121.8	97.4		65.0	15.0	0.0	0	0
00:52	00:52	121.7	96.6		65.0	15.0	0.0	0	0
00:53	00:53	121.7	95.7		65.0	15.0	0.0	0	0
00:54	00:54	121.7	94.9		65.0	15.0	0.0	0	0
00:55	00:55	121.7	94.4		65.0	15.0	0.0	0	0
00:56	00:56	121.7	93.6		65.0	15.0	0.0	0	0
00:57	00:57	121.7	92.9		65.0	15.0	0.0	0	0
00:58	00:58	121.7	92.3		65.0	15.0	0.0	0	0
00:59	00:59	121.8	91.7		65.0	15.0	0.0	0	0
01:00	01:00	121.8	91.2		65.0	15.0	0.0	0	0
01:01	01:01	121.8	90.6		65.0	15.0	0.0	0	0
01:02	01:02	121.9	90.0		65.0	15.0	0.0	0	0
01:03	01:03	122.0	89.6		65.0	15.0	0.0	0	0
01:04	01:04	122.0	89.1		65.0	15.0	0.0	0	0
01:05	01:05	122.1	88.6		65.0	15.0	0.0	0	0
01:06	01:06	122.2	88.2		65.0	15.0	0.0	0	0
01:07	01:07	122.2	87.8		65.0	15.0	0.0	0	0
01:08	01:08	122.3	87.5		65.0	15.0	0.0	0	0
01:09	01:09	122.5	87.1		65.0	15.0	0.0	0	0
01:10	01:10	122.5	86.8		65.0	15.0	0.0	0	0
01:11	01:11	122.6	86.5		65.0	15.0	0.0	0	0
01:12	01:12	122.8	86.2		65.0	15.0	0.0	0	0
01:13	01:13	122.9	85.8		65.0	15.0	0.0	0	0
01:14	01:14	123.0	85.6		65.0	15.0	0.0	0	0
01:15	01:15	123.1	85.4		65.0	15.0	0.0	0	0
01:16	01:16	123.2	85.2		65.0	15.0	0.0	0	0
01:17	01:17	123.4	84.9		65.0	15.0	0.0	0	0
01:18	01:18	123.5	84.8		65.0	15.0	0.0	0	0
01:19	01:19	123.6	84.6		65.0	15.0	0.0	0	0
01:20	01:20	123.7	84.5		65.0	15.0	0.0	0	0
01:21	01:21	123.8	84.3		65.0	15.0	0.0	0	0
01:22	01:22	124.0	84.2		65.0	15.0	0.0	0	0
01:23	01:23	124.1	84.0		65.0	15.0	0.0	0	0
01:24	01:24	124.2	84.0		65.0	17.0	0.0	0	0
01:25	01:25	124.3	83.9		65.0	18.0	0.0	0	0
01:26	01:26	124.4	83.8		65.0	21.0	0.0	0	0
01:27	01:27	124.6	83.8		65.0	26.0	0.0	0	0
01:28	01:28	124.7	83.8		65.0	30.0	0.0	0	0
01:29	01:29	124.9	83.7		65.0	35.0	0.0	0	0
01:30	01:30	125.2	83.7		65.0	39.0	0.0	0	0
01:31	01:31	125.5	83.7		65.0	43.0	0.0	0	0
01:32	01:32	126.1	83.7		65.0	47.0	0.0	0	0
01:33	01:33	126.5	83.7		65.0	53.0	0.0	0	0
01:34	01:34	127.1	83.7		65.0	60.0	0.0	0	0
01:35	01:35	127.9	83.7		65.0	68.0	0.0	0	0
01:36	01:36	128.6	83.7		65.0	71.0	0.0	0	0
01:37	01:37	129.5	83.7	TP	65.0	73.0	0.0	0	0
01:38	01:38	130.4	83.8		65.0	74.0	0.0	0	0
01:39	01:39	131.4	83.8		65.0	74.0	0.0	0	0
01:40	01:40	132.7	83.9		65.0	76.0	0.0	0	0
01:41	01:41	133.8	84.0		65.0	78.0	0.0	0	0
01:42	01:42	134.6	84.2		65.0	80.0	0.0	0	0
01:43	01:43	135.9	84.3		65.0	80.0	0.0	0	0
01:44	01:44	136.7	84.4		65.0	80.0	0.0	0	0
01:45	01:45	137.7	84.5		65.0	80.0	0.0	0	0
01:46	01:46	138.7	84.7		65.0	80.0	0.0	0	0
01:47	01:47	139.6	84.8		65.0	80.0	0.0	0	0
01:48	01:48	140.5	85.0		65.0	80.0	0.0	0	0
01:49	01:49	141.5	85.2		65.0	80.0	0.0	0	0
01:50	01:50	142.3	85.4		65.0	80.0	0.0	0	0
01:51	01:51	143.1	85.5		65.0	80.0	0.0	0	0
01:52	01:52	143.9	85.8		65.0	80.0	0.0	0	0
01:53	01:53	144.7	86.0		65.0	80.0	0.0	0	0
01:54	01:54	145.4	86.2		65.0	80.0	0.0	0	0
01:55	01:55	146.1	86.4		65.0	80.0	0.0	0	0
01:56	01:56	146.8	86.7		65.0	80.0	0.0	0	0
01:57	01:57	147.5	86.9		65.0	80.0	0.0	0	0
01:58	01:58	148.2	87.2		65.0	80.0	0.0	0	0
01:59	01:59	148.8	87.4		65.0	80.0	0.0	0	0
02:00	02:00	149.5	87.7		65.0	80.0	0.0	0	0
02:01	02:01	150.1	88.0		65.0	80.0	0.0	0	0
02:02	02:02	150.6	88.2		65.0	80.0	0.0	0	0
02:03	02:03	151.3	88.5		65.0	80.0	0.0	0	0
02:04	02:04	151.8	88.8		65.0	80.0	0.0	0	0
02:05	02:05	152.3	89.1		65.0	80.0	0.0	0	0
02:06	02:06	152.9	89.4		65.0	80.0	0.0	0	0
02:07	02:07	153.4	89.8		65.0	80.0	0.0	0	0
02:08	02:08	153.8	90.1		65.0	80.0	0.0	0	0
02:09	02:09	154.4	90.4		65.0	80.0	0.0	0	0
02:10	02:10	154.8	90.8		65.0	80.0	0.0	0	0
02:11	02:11	155.3	91.1		65.0	80.0	0.0	0	0
02:12	02:12	155.7	91.4		65.0	80.0	0.0	0	0
02:13	02:13	156.2	91.8		65.0	80.0	0.0	0	0
02:14	02:14	156.6	92.1		65.0	80.0	0.0	0	0
02:15	02:15	157.0	92.5		65.0	80.0	0.0	0	0
02:16	02:16	157.4	92.8		65.0	80.0	0.0	0	0
02:17	02:17	157.8	93.2		65.0	80.0	0.0	0	0
02:18	02:18	158.2	93.6		65.0	80.0	0.0	0	0
02:19	02:19	158.6	93.9		65.0	80.0	0.0	0	0
02:20	02:20	158.9	94.3		65.0	80.0	0.0	0	0
02:21	02:21	159.3	94.7		65.0	80.0	0.0	0	0
02:22	02:22	159.6	95.0		65.0	80.0	0.0	0	0
02:23	02:23	160.0	95.4		65.0	80.0	0.0	0	0
02:24	02:24	160.4	95.8		65.0	80.0	0.0	0	0
02:25	02:25	160.7	96.3		65.0	80.0	0.0	0	0
02:26	02:26	161.0	96.6		65.0	80.0	0.0	0	0
02:27	02:27	161.4	97.0		65.0	80.0	0.0	0	0
02:28	02:28	161.7	97.4		65.0	80.0	0.0	0	0
02:29	02:29	162.0	97.8		65.0	80.0	0.0	0	0
02:30	02:30	162.4	98.2		65.0	80.0	0.0	0	0
02:31	02:31	162.7	98.5		65.0	80.0	0.0	0	0
02:32	02:32	163.0	98.9		65.0	80.0	0.0	0	0
02:33	02:33	163.3	99.4		65.0	80.0	0.0	0	0
02:34	02:34	163.7	99.8		65.0	80.0	0.0	0	0
02:35	02:35	163.9	100.2		65.0	80.0	0.0	0	0
02:36	02:36	164.2	100.6		65.0	80.0	0.0	0	0
02:37	02:37	164.5	101.1		65.0	80.0	0.0	0	0
02:38	02:38	164.7	101.4		65.0	80.0	0.0	0	0
02:39	02:39	165.0	101.8		65.0	80.0	0.0	0	0
02:40	02:40	165.3	102.2		65.0	80.0	0.0	0	0
02:41	02:41	165.6	102.7		65.0	80.0	0.0	0	0
02:42	02:42	165.8	103.2		65.0	80.0	0.0	0	0
02:43	02:43	166.1	103.5		65.0	80.0	0.0	0	0
02:44	02:44	166.3	103.9		65.0	80.0	0.0	0	0
02:45	02:45	166.6	104.4		65.0	80.0	0.0	0	0
02:46	02:46	166.8	104.7		65.0	80.0	0.0	0	0
02:47	02:47	167.0	105.1		65.0	80.0	0.0	0	0
02:48	02:48	167.3	105.5		65.0	80.0	0.0	0	0
02:49	02:49	167.5	106.0		65.0	80.0	0.0	0	0
02:50	02:50	167.8	106.4		65.0	80.0	0.0	0	0
02:51	02:51	168.1	106.8		65.0	80.0	0.0	0	0
02:52	02:52	168.2	107.2		65.0	80.0	0.0	0	0
02:53	02:53	168.3	107.6		65.0	80.0	0.0	0	0
02:54	02:54	168.5	108.0		65.0	80.0	0.0	0	0
02:55	02:55	168.7	108.4		65.0	80.0	0.0	0	0
02:56	02:56	168.8	108.8		65.0	80.0	0.0	0	0
02:57	02:57	169.0	109.3		65.0	80.0	0.0	0	0
02:58	02:58	169.2	109.7		65.0	80.0	0.0	0	0
02:59	02:59	169.4	110.1		65.0	80.0	0.0	0	0
03:00	03:00	169.5	110.5		65.0	80.0	0.0	0	0
03:01	03:01	169.7	110.9		65.0	80.0	0.0	0	0
03:02	03:02	169.9	111.3		65.0	80.0	0.0	0	0
03:03	03:03	170.0	111.7		65.0	80.0	0.0	0	0
03:04	03:04	170.2	112.1		65.0	80.0	0.0	0	0
03:05	03:05	170.4	112.6		65.0	80.0	0.0	0	0
03:06	03:06	170.5	112.9		65.0	80.0	0.0	0	0
03:07	03:07	170.6	113.3		65.0	80.0	0.0	0	0
03:08	03:08	170.7	113.7		65.0	80.0	0.0	0	0
03:09	03:09	170.8	114.1		65.0	80.0	0.0	0	0
03:10	03:10	171.0	114.5		65.0	80.0	0.0	0	0
03:11	03:11	171.1	114.9		65.0	80.0	0.0	0	0
03:12	03:12	171.3	115.4		65.0	80.0	0.0	0	0
03:13	03:13	171.4	115.8		65.0	80.0	0.0	0	0
03:14	03:14	171.5	116.2		65.0	80.0	0.0	0	0
03:15	03:15	171.6	116.6		65.0	80.0	0.0	0	0
03:16	03:16	171.7	117.0		65.0	80.0	0.0	0	0
03:17	03:17	171.8	117.4		65.0	80.0	0.0	0	0
03:18	03:18	172.0	117.8		65.0	80.0	0.0	0	0
03:19	03:19	172.1	118.1		65.0	80.0	0.0	0	0
03:20	03:20	172.2	118.6		65.0	80.0	0.0	0	0
03:21	03:21	172.3	119.0		65.0	80.0	0.0	0	0
03:22	03:22	172.5	119.4		65.0	80.0	0.0	0	0
03:23	03:23	172.6	119.7		65.0	80.0	0.0	0	0
03:24	03:24	172.7	120.1		65.0	80.0	0.0	0	0
03:25	03:25	172.9	120.5		65.0	80.0	0.0	0	0
03:26	03:26	173.1	120.9		65.0	80.0	0.0	0	0
03:27	03:27	173.2	121.3		65.0	80.0	0.0	0	0
03:28	03:28	173.3	121.7		65.0	80.0	0.0	0	0
03:29	03:29	173.4	122.1		65.0	80.0	0.0	0	0
03:30	03:30	173.5	122.6		65.0	80.0	0.0	0	0
03:31	03:31	173.6	122.9		65.0	80.0	0.0	0	0
03:32	03:32	173.7	123.4		65.0	80.0	0.0	0	0
03:33	03:33	173.9	123.8		65.0	80.0	0.0	0	0
03:34	03:34	174.0	124.2		65.0	80.0	0.0	0	0
03:35	03:35	174.2	124.6		65.0	80.0	0.0	0	0
03:36	03:36	174.3	125.0		65.0	80.0	0.0	0	0
03:37	03:37	174.5	125.4		65.0	80.0	0.0	0	0
03:38	03:38	174.6	125.8		65.0	80.0	0.0	0	0
03:39	03:39	174.7	126.1		65.0	80.0	0.0	0	0
03:40	03:40	174.9	126.6		65.0	80.0	0.0	0	0
03:41	03:41	175.0	127.0		65.0	80.0	0.0	0	0
03:42	03:42	175.2	127.3		65.0	80.0	0.0	0	0
03:43	03:43	175.4	127.7		65.0	80.0	0.0	0	0
03:44	03:44	175.5	128.1		65.0	80.0	0.0	0	0
03:45	03:45	175.7	128.5		65.0	80.0	0.0	0	0
03:46	03:46	175.9	128.9		65.0	80.0	0.0	0	0
03:47	03:47	176.0	129.1		65.0	80.0	0.0	0	0
03:48	03:48	176.3	129.6		65.0	80.0	0.0	0	0
03:49	03:49	176.4	130.0		65.0	80.0	0.0	0	0
03:50	03:50	176.7	130.3		65.0	80.0	0.0	0	0
03:51	03:51	176.9	130.6		65.0	80.0	0.0	0	0
03:52	03:52	177.1	131.1		65.0	80.0	0.0	0	0
03:53	03:53	177.3	131.5		65.0	80.0	0.0	0	0
03:54	03:54	177.5	131.8		65.0	80.0	0.0	0	0
03:55	03:55	177.7	132.2		65.0	80.0	0.0	0	0
03:56	03:56	177.9	132.5		65.0	80.0	0.0	0	0
03:57	03:57	178.1	132.9		65.0	80.0	0.0	0	0
03:58	03:58	178.3	133.3		65.0	80.0	0.0	0	0
03:59	03:59	178.5	133.6		65.0	80.0	0.0	0	0
04:00	04:00	178.8	134.1		65.0	80.0	0.0	0	0
04:01	04:01	179.0	134.4		65.0	80.0	0.0	0	0
04:02	04:02	179.2	134.7		65.0	80.0	0.0	0	0
04:03	04:03	179.4	135.1		65.0	80.0	0.0	0	0
04:04	04:04	179.6	135.5		65.0	80.0	0.0	0	0
04:05	04:05	179.9	135.8		65.0	80.0	0.0	0	0
04:06	04:06	180.1	136.2		65.0	80.0	0.0	0	0
04:07	04:07	180.3	136.5		65.0	80.0	0.0	0	0
04:08	04:08	180.5	136.9		65.0	80.0	0.0	0	0
04:09	04:09	180.6	137.2		65.0	80.0	0.0	0	0
04:10	04:10	180.9	137.6		65.0	80.0	0.0	0	0
04:11	04:11	181.1	137.9		65.0	80.0	0.0	0	0
04:12	04:12	181.3	138.3		65.0	80.0	0.0	0	0
04:13	04:13	181.6	138.7		65.0	80.0	0.0	0	0
04:14	04:14	181.7	139.0		65.0	80.0	0.0	0	0
04:15	04:15	181.9	139.3		65.0	80.0	0.0	0	0
04:16	04:16	182.2	139.7		65.0	80.0	0.0	0	0
04:17	04:17	182.4	140.0		65.0	80.0	0.0	0	0
04:18	04:18	182.6	140.3		65.0	80.0	0.0	0	0
04:19	04:19	182.9	140.7		65.0	80.0	0.0	0	0
04:20	04:20	183.1	141.0		65.0	80.0	0.0	0	0
04:21	04:21	183.3	141.3		65.0	80.0	0.0	0	0
04:22	04:22	183.6	141.6		65.0	80.0	0.0	0	0
04:23	04:23	183.7	142.0		65.0	80.0	0.0	0	0
04:24	04:24	184.0	142.3		65.0	80.0	0.0	0	0
04:25	04:25	184.3	142.6		65.0	80.0	0.0	0	0
04:26	04:26	184.4	142.9		65.0	80.0	0.0	0	0
04:27	04:27	184.7	143.2		65.0	80.0	0.0	0	0
04:28	04:28	185.0	143.6		65.0	80.0	0.0	0	0
04:29	04:29	185.1	143.9		65.0	80.0	0.0	0	0
04:30	04:30	185.4	144.2		65.0	80.0	0.0	0	0
04:31	04:31	185.7	144.5		65.0	80.0	0.0	0	0
04:32	04:32	185.8	144.9		65.0	80.0	0.0	0	0
04:33	04:33	186.2	145.1		65.0	80.0	0.0	0	0
04:34	04:34	186.4	145.4		65.0	80.0	0.0	0	0
04:35	04:35	186.6	145.7		65.0	80.0	0.0	0	0
04:36	04:36	186.7	146.1		65.0	80.0	0.0	0	0
04:37	04:37	186.9	146.4		65.0	80.0	0.0	0	0
04:38	04:38	187.1	146.7		65.0	80.0	0.0	0	0
04:39	04:39	187.3	147.0		65.0	80.0	0.0	0	0
04:40	04:40	187.5	147.4		65.0	80.0	0.0	0	0
04:41	04:41	187.8	147.7		65.0	80.0	0.0	0	0
04:42	04:42	188.0	147.9		65.0	80.0	0.0	0	0
04:43	04:43	188.2	148.3		65.0	80.0	0.0	0	0
04:44	04:44	188.5	148.6		65.0	80.0	0.0	0	0
04:45	04:45	188.7	148.9		65.0	80.0	0.0	0	0
04:46	04:46	188.9	149.2		65.0	80.0	0.0	0	0
04:47	04:47	189.2	149.5		65.0	80.0	0.0	0	0
04:48	04:48	189.4	149.8		65.0	80.0	0.0	0	0
04:49	04:49	189.5	150.1		65.0	80.0	0.0	0	0
04:50	04:50	189.7	150.4		65.0	80.0	0.0	0	0
04:51	04:51	189.9	150.7		65.0	80.0	0.0	0	0
04:52	04:52	190.0	151.0		65.0	79.0	0.0	0	0
04:53	04:53	190.3	151.3		65.0	78.0	0.0	0	0
04:54	04:54	190.5	151.6		65.0	76.0	0.0	0	0
04:55	04:55	190.8	151.9		65.0	75.0	0.0	0	0
04:56	04:56	191.0	152.2		65.0	74.0	0.0	0	0
04:57	04:57	191.2	152.5		65.0	72.0	0.0	0	0
04:58	04:58	191.5	152.8		65.0	71.0	0.0	0	0
04:59	04:59	191.6	153.1		65.0	70.0	0.0	0	0
05:00	05:00	191.8	153.4		65.0	70.0	0.0	0	0
05:01	05:01	192.0	153.6		65.0	70.0	0.0	0	0
05:02	05:02	192.1	153.9		65.0	70.0	0.0	0	0
05:03	05:03	192.2	154.2		65.0	70.0	0.0	0	0
05:04	05:04	192.4	154.5		65.0	70.0	0.0	0	0
05:05	05:05	192.5	154.8	DRY End	65.0	70.0	0.0	0	0
05:06	05:06	192.6	155.0		65.0	70.0	0.0	0	0
05:07	05:07	192.7	155.3		65.0	70.0	0.0	0	0
05:08	05:08	192.9	155.6		65.0	70.0	0.0	0	0
05:09	05:09	193.0	155.8		65.0	70.0	0.0	0	0
05:10	05:10	193.1	156.1		65.0	70.0	0.0	0	0
05:11	05:11	193.2	156.4		65.0	70.0	0.0	0	0
05:12	05:12	193.4	156.7		65.0	70.0	0.0	0	0
05:13	05:13	193.6	156.9		65.0	70.0	0.0	0	0
05:14	05:14	193.7	157.2		65.0	70.0	0.0	0	0
05:15	05:15	193.9	157.5		65.0	70.0	0.0	0	0
05:16	05:16	194.1	157.7		65.0	70.0	0.0	0	0
05:17	05:17	194.2	158.0		65.0	70.0	0.0	0	0
05:18	05:18	194.4	158.2		65.0	70.0	0.0	0	0
05:19	05:19	194.6	158.5		65.0	70.0	0.0	0	0
05:20	05:20	194.7	158.8		65.0	70.0	0.0	0	0
05:21	05:21	194.9	159.0		65.0	70.0	0.0	0	0
05:22	05:22	195.0	159.3		65.0	70.0	0.0	0	0
05:23	05:23	195.1	159.6		65.0	70.0	0.0	0	0
05:24	05:24	195.4	159.9		65.0	70.0	0.0	0	0
05:25	05:25	195.5	160.1		65.0	70.0	0.0	0	0
05:26	05:26	195.6	160.4		65.0	70.0	0.0	0	0
05:27	05:27	195.8	160.6		65.0	69.0	0.0	0	0
05:28	05:28	196.0	160.9		65.0	67.0	0.0	0	0
05:29	05:29	196.1	161.1		65.0	65.0	0.0	0	0
05:30	05:30	196.3	161.4		65.0	63.0	0.0	0	0
05:31	05:31	196.4	161.6		65.0	61.0	0.0	0	0
05:32	05:32	196.6	161.9		65.0	60.0	0.0	0	0
05:33	05:33	196.7	162.1		65.0	60.0	0.0	0	0
05:34	05:34	196.8	162.4		65.0	60.0	0.0	0	0
05:35	05:35	196.9	162.7		65.0	60.0	0.0	0	0
05:36	05:36	196.9	162.9		65.0	60.0	0.0	0	0
05:37	05:37	197.0	163.1		65.0	60.0	0.0	0	0
05:38	05:38	197.1	163.4		65.0	60.0	0.0	0	0
05:39	05:39	197.1	163.6		65.0	60.0	0.0	0	0
05:40	05:40	197.2	163.9		65.0	60.0	0.0	0	0
05:41	05:41	197.3	164.1		65.0	60.0	0.0	0	0
05:42	05:42	197.4	164.3		65.0	60.0	0.0	0	0
05:43	05:43	197.4	164.6		65.0	60.0	0.0	0	0
05:44	05:44	197.5	164.8		65.0	60.0	0.0	0	0
05:45	05:45	197.6	165.0		65.0	60.0	0.0	0	0
05:46	05:46	197.7	165.2		65.0	60.0	0.0	0	0
05:47	05:47	197.8	165.5		65.0	60.0	0.0	0	0
05:48	05:48	197.8	165.6		65.0	60.0	0.0	0	0
05:49	05:49	197.9	165.9		65.0	60.0	0.0	0	0
05:50	05:50	198.0	166.1		65.0	60.0	0.0	0	0
05:51	05:51	198.1	166.3		65.0	60.0	0.0	0	0
05:52	05:52	198.2	166.6		65.0	60.0	0.0	0	0
05:53	05:53	198.3	166.7		65.0	60.0	0.0	0	0
05:54	05:54	198.5	167.0		65.0	60.0	0.0	0	0
05:55	05:55	198.5	167.2		65.0	60.0	0.0	0	0
05:56	05:56	198.6	167.4		65.0	60.0	0.0	0	0
05:57	05:57	198.7	167.6		65.0	60.0	0.0	0	0
05:58	05:58	198.8	167.9		65.0	60.0	0.0	0	0
05:59	05:59	198.9	168.1		65.0	60.0	0.0	0	0
06:00	06:00	199.0	168.3		65.0	60.0	0.0	0	0
06:01	06:01	199.2	168.5		65.0	60.0	0.0	0	0
06:02	06:02	199.3	168.7		65.0	60.0	0.0	0	0
06:03	06:03	199.4	169.0		65.0	60.0	0.0	0	0
06:04	06:04	199.5	169.1		65.0	60.0	0.0	0	0
06:05	06:05	199.6	169.3		65.0	60.0	0.0	0	0
06:06	06:06	199.8	169.5		65.0	60.0	0.0	0	0
06:07	06:07	199.9	169.7		65.0	60.0	0.0	0	0
06:08	06:08	200.0	169.9		65.0	55.0	0.0	0	0
06:09	06:09	200.1	170.1		65.0	51.0	0.0	0	0
06:10	06:10	200.2	170.3		65.0	49.0	0.0	0	0
06:11	06:11	200.3	170.6		65.0	49.0	0.0	0	0
06:12	06:12	200.3	170.7		65.0	49.0	0.0	0	0
06:13	06:13	200.3	170.9		65.0	49.0	0.0	0	0
06:14	06:14	200.3	171.2		65.0	49.0	0.0	0	0
06:15	06:15	200.3	171.3		65.0	49.0	0.0	0	0
06:16	06:16	200.3	171.5		65.0	49.0	0.0	0	0
06:17	06:17	200.3	171.7		65.0	49.0	0.0	0	0
06:18	06:18	200.3	171.9		65.0	49.0	0.0	0	0
06:19	06:19	200.3	172.1		65.0	49.0	0.0	0	0
06:20	06:20	200.3	172.3		65.0	49.0	0.0	0	0
06:21	06:21	200.3	172.5		65.0	49.0	0.0	0	0
06:22	06:22	200.4	172.7		65.0	49.0	0.0	0	0
06:23	06:23	200.4	172.9		65.0	49.0	0.0	0	0
06:24	06:24	200.5	173.1		65.0	49.0	0.0	0	0
06:25	06:25	200.5	173.2		65.0	49.0	0.0	0	0
06:26	06:26	200.5	173.4		65.0	49.0	0.0	0	0
06:27	06:27	200.5	173.6		65.0	49.0	0.0	0	0
06:28	06:28	200.6	173.7		65.0	49.0	0.0	0	0
06:29	06:29	200.6	173.9		65.0	49.0	0.0	0	0
06:30	06:30	200.6	174.1		65.0	49.0	0.0	0	0
06:31	06:31	200.6	174.3		65.0	49.0	0.0	0	0
06:32	06:32	200.6	174.4		65.0	49.0	0.0	0	0
06:33	06:33	200.7	174.6		65.0	49.0	0.0	0	0
06:34	06:34	200.7	174.8		65.0	49.0	0.0	0	0
06:35	06:35	200.8	175.0		65.0	49.0	0.0	0	0
06:36	06:36	200.8	175.1		65.0	49.0	0.0	0	0
06:37	06:37	200.8	175.3		65.0	49.0	0.0	0	0
06:38	06:38	200.8	175.5		65.0	49.0	0.0	0	0
06:39	06:39	200.9	175.6		65.0	49.0	0.0	0	0
06:40	06:40	201.0	175.7		65.0	49.0	0.0	0	0
06:41	06:41	201.0	176.0		65.0	49.0	0.0	0	0
06:42	06:42	201.1	176.1		65.0	49.0	0.0	0	0
06:43	06:43	201.2	176.3		65.0	49.0	0.0	0	0
06:44	06:44	201.2	176.4		65.0	49.0	0.0	0	0
06:45	06:45	201.3	176.6		65.0	49.0	0.0	0	0
06:46	06:46	201.4	176.7		65.0	49.0	0.0	0	0
06:47	06:47	201.4	176.9		65.0	49.0	0.0	0	0
06:48	06:48	201.4	177.0		65.0	49.0	0.0	0	0
06:49	06:49	201.6	177.2		65.0	49.0	0.0	0	0
06:50	06:50	201.6	177.4		65.0	49.0	0.0	0	0
06:51	06:51	201.7	177.5		65.0	49.0	0.0	0	0
06:52	06:52	201.7	177.7		65.0	49.0	0.0	0	0
06:53	06:53	201.7	177.8		65.0	49.0	0.0	0	0
06:54	06:54	201.8	177.9		65.0	49.0	0.0	0	0
06:55	06:55	201.8	178.1		65.0	49.0	0.0	0	0
06:56	06:56	201.8	178.3		65.0	49.0	0.0	0	0
06:57	06:57	201.9	178.4		65.0	49.0	0.0	0	0
06:58	06:58	201.9	178.6		65.0	49.0	0.0	0	0
06:59	06:59	202.0	178.7		65.0	49.0	0.0	0	0
07:00	07:00	202.1	178.9		65.0	49.0	0.0	0	0
07:01	07:01	202.2	179.0		65.0	49.0	0.0	0	0
07:02	07:02	202.2	179.2		65.0	49.0	0.0	0	0
07:03	07:03	202.3	179.3		65.0	49.0	0.0	0	0
07:04	07:04	202.3	179.4		65.0	49.0	0.0	0	0
07:05	07:05	202.4	179.6		65.0	49.0	0.0	0	0
07:06	07:06	202.5	179.8		65.0	49.0	0.0	0	0
07:07	07:07	202.5	179.9		65.0	48.0	0.0	0	0
07:08	07:08	202.7	180.0		65.0	47.0	0.0	0	0
07:09	07:09	202.7	180.2		65.0	45.0	0.0	0	0
07:10	07:10	202.7	180.3		65.0	44.0	0.0	0	0
07:11	07:11	202.8	180.4		65.0	42.0	0.0	0	0
07:12	07:12	202.8	180.6		65.0	41.0	0.0	0	0
07:13	07:13	202.9	180.7		65.0	40.0	0.0	0	0
07:14	07:14	202.9	180.9		65.0	40.0	0.0	0	0
07:15	07:15	202.9	181.0		65.0	40.0	0.0	0	0
07:16	07:16	202.9	181.1		65.0	40.0	0.0	0	0
07:17	07:17	203.0	181.3		65.0	40.0	0.0	0	0
07:18	07:18	203.0	181.4		65.0	40.0	0.0	0	0
07:19	07:19	203.0	181.5		65.0	40.0	0.0	0	0
07:20	07:20	203.0	181.6		65.0	40.0	0.0	0	0
07:21	07:21	203.0	181.8		65.0	40.0	0.0	0	0
07:22	07:22	203.0	181.9		65.0	40.0	0.0	0	0
07:23	07:23	203.0	182.0		65.0	40.0	0.0	0	0
07:24	07:24	203.0	182.1		65.0	40.0	0.0	0	0
07:25	07:25	203.0	182.3		65.0	40.0	0.0	0	0
07:26	07:26	203.0	182.4		65.0	40.0	0.0	0	0
07:27	07:27	203.1	182.5		65.0	40.0	0.0	0	0
07:28	07:28	203.1	182.6		65.0	40.0	0.0	0	0
07:29	07:29	203.1	182.8		65.0	40.0	0.0	0	0
07:30	07:30	203.1	182.9		65.0	40.0	0.0	0	0
07:31	07:31	203.1	183.0		65.0	40.0	0.0	0	0
07:32	07:32	203.1	183.1		65.0	40.0	0.0	0	0
07:33	07:33	203.2	183.3		65.0	40.0	0.0	0	0
07:34	07:34	203.2	183.4		65.0	40.0	0.0	0	0
07:35	07:35	203.3	183.5		65.0	40.0	0.0	0	0
07:36	07:36	203.4	183.7		65.0	40.0	0.0	0	0
07:37	07:37	203.4	183.8		65.0	40.0	0.0	0	0
07:38	07:38	203.4	183.9		65.0	40.0	0.0	0	0
07:39	07:39	203.5	184.0		65.0	40.0	0.0	0	0
07:40	07:40	203.5	184.1		65.0	40.0	0.0	0	0
07:41	07:41	203.6	184.2		65.0	40.0	0.0	0	0
07:42	07:42	203.6	184.4		65.0	40.0	0.0	0	0
07:43	07:43	203.6	184.5		65.0	40.0	0.0	0	0
07:44	07:44	203.7	184.6		65.0	40.0	0.0	0	0
07:45	07:45	203.8	184.7		65.0	40.0	0.0	0	0
07:46	07:46	203.8	184.9		65.0	40.0	0.0	0	0
07:47	07:47	203.8	185.0		65.0	40.0	0.0	0	0
07:48	07:48	203.9	185.1		65.0	40.0	0.0	0	0
07:49	07:49	204.0	185.2		65.0	40.0	0.0	0	0
07:50	07:50	204.0	185.3		65.0	40.0	0.0	0	0
07:51	07:51	204.1	185.5		65.0	40.0	0.0	0	0
07:52	07:52	204.1	185.6		65.0	40.0	0.0	0	0
07:53	07:53	204.2	185.7		65.0	40.0	0.0	0	0
07:54	07:54	204.2	185.8		65.0	40.0	0.0	0	0
07:55	07:55	204.2	185.9		65.0	40.0	0.0	0	0
07:56	07:56	204.3	186.0		65.0	40.0	0.0	0	0
07:57	07:57	204.3	186.2		65.0	40.0	0.0	0	0
07:58	07:58	204.4	186.3		65.0	40.0	0.0	0	0
07:59	07:59	204.5	186.4		65.0	40.0	0.0	0	0
08:00	08:00	204.6	186.5		65.0	40.0	0.0	0	0
08:01	08:01	204.6	186.6		65.0	40.0	0.0	0	0
08:02	08:02	204.7	186.7		65.0	40.0	0.0	0	0
08:03	08:03	204.7	186.8		65.0	40.0	0.0	0	0
08:04	08:04	204.8	187.0		65.0	40.0	0.0	0	0
08:05	08:05	204.8	187.1		65.0	40.0	0.0	0	0
08:06	08:06	204.9	187.1		65.0	40.0	0.0	0	0
08:07	08:07	204.9	187.3		65.0	40.0	0.0	0	0
08:08	08:08	205.0	187.3		65.0	40.0	0.0	0	0
08:09	08:09	205.1	187.5		65.0	40.0	0.0	0	0
08:10	08:10	205.2	187.6		65.0	40.0	0.0	0	0
08:11	08:11	205.3	187.7		65.0	40.0	0.0	0	0
08:12	08:12	205.4	187.8		65.0	40.0	0.0	0	0
08:13	08:13	205.4	187.9		65.0	40.0	0.0	0	0
08:14	08:14	205.5	188.1		65.0	40.0	0.0	0	0
08:15	08:15	205.6	188.2		65.0	40.0	0.0	0	0
08:16	08:16	205.6	188.3		65.0	40.0	0.0	0	0
08:17	08:17	205.7	188.4		65.0	40.0	0.0	0	0
08:18	08:18	205.8	188.5		65.0	40.0	0.0	0	0
08:19	08:19	205.8	188.7		65.0	40.0	0.0	0	0
08:20	08:20	205.9	188.8		65.0	40.0	0.0	0	0
08:21	08:21	205.9	188.8		65.0	40.0	0.0	0	0
08:22	08:22	206.0	189.0		65.0	40.0	0.0	0	0
08:23	08:23	206.1	189.1		65.0	40.0	0.0	0	0
08:24	08:24	206.1	189.3		65.0	40.0	0.0	0	0
08:25	08:25	206.3	189.4		65.0	40.0	0.0	0	0
08:26	08:26	206.4	189.5		65.0	40.0	0.0	0	0
08:27	08:27	206.4	189.6		65.0	40.0	0.0	0	0
08:28	08:28	206.5	189.7		65.0	40.0	0.0	0	0
08:29	08:29	206.6	189.8		65.0	40.0	0.0	0	0
08:30	08:30	206.7	189.9		65.0	38.0	0.0	0	0
08:31	08:31	206.8	190.0		65.0	37.0	0.0	0	0
08:32	08:32	206.9	190.1		65.0	32.0	0.0	0	0
08:33	08:33	206.9	190.2		65.0	30.0	0.0	0	0
08:34	08:34	207.0	190.3		65.0	30.0	0.0	0	0
08:35	08:35	207.0	190.4		65.0	30.0	0.0	0	0
08:36	08:36	207.0	190.6		65.0	30.0	0.0	0	0
08:37	08:37	207.0	190.7		65.0	30.0	0.0	0	0
08:38	08:38	207.0	190.8		65.0	30.0	0.0	0	0
08:39	08:39	207.0	190.9		65.0	30.0	0.0	0	0
08:40	08:40	207.0	191.0		65.0	30.0	0.0	0	0
08:41	08:41	207.0	191.1		65.0	30.0	0.0	0	0
08:42	08:42	207.0	191.3		65.0	30.0	0.0	0	0
08:43	08:43	207.0	191.3		65.0	30.0	0.0	0	0
08:44	08:44	207.0	191.5		65.0	30.0	0.0	0	0
08:45	08:45	207.0	191.6		65.0	30.0	0.0	0	0
08:46	08:46	207.0	191.7		65.0	30.0	0.0	0	0
08:47	08:47	207.0	191.8		65.0	30.0	0.0	0	0
08:48	08:48	207.0	191.9		65.0	30.0	0.0	0	0
08:49	08:49	207.0	192.0		65.0	30.0	0.0	0	0
08:50	08:50	207.0	192.1		65.0	30.0	0.0	0	0
08:51	08:51	207.0	192.2		65.0	30.0	0.0	0	0
08:52	08:52	207.1	192.4		65.0	30.0	0.0	0	0
08:53	08:53	207.2	192.5		65.0	30.0	0.0	0	0
08:54	08:54	207.2	192.6		65.0	30.0	0.0	0	0
08:55	08:55	207.3	192.6		65.0	30.0	0.0	0	0
08:56	08:56	207.3	192.8		65.0	30.0	0.0	0	0
08:57	08:57	207.3	192.9		65.0	30.0	0.0	0	0
08:58	08:58	207.4	193.0		65.0	30.0	0.0	0	0
08:59	08:59	207.4	193.1		65.0	30.0	0.0	0	0
09:00	09:00	207.4	193.2		65.0	30.0	0.0	0	0
09:01	09:01	207.5	193.3		65.0	30.0	0.0	0	0
09:02	09:02	207.5	193.4		65.0	30.0	0.0	0	0
09:03	09:03	207.6	193.5		65.0	30.0	0.0	0	0
09:04	09:04	207.7	193.6		65.0	30.0	0.0	0	0
09:05	09:05	207.7	193.7		65.0	30.0	0.0	0	0
09:06	09:06	207.8	193.8		65.0	30.0	0.0	0	0
09:07	09:07	207.8	193.9		65.0	30.0	0.0	0	0
09:08	09:08	207.9	194.0		65.0	30.0	0.0	0	0
09:09	09:09	207.9	194.1		65.0	30.0	0.0	0	0
09:10	09:10	207.9	194.2		65.0	30.0	0.0	0	0
09:11	09:11	208.0	194.3		65.0	30.0	0.0	0	0
09:12	09:12	208.0	194.4		65.0	30.0	0.0	0	0
09:13	09:13	208.1	194.5		65.0	30.0	0.0	0	0
09:14	09:14	208.1	194.6		65.0	30.0	0.0	0	0
09:15	09:15	208.3	194.8		65.0	30.0	0.0	0	0
09:16	09:16	208.3	194.9		65.0	30.0	0.0	0	0
09:17	09:17	208.4	195.0		65.0	30.0	0.0	0	0
09:18	09:18	208.4	195.1		65.0	30.0	0.0	0	0
09:19	09:19	208.5	195.2		65.0	30.0	0.0	0	0
09:20	09:20	208.6	195.3		65.0	30.0	0.0	0	0
09:21	09:21	208.6	195.4		65.0	30.0	0.0	0	0
09:22	09:22	208.7	195.5		65.0	30.0	0.0	0	0
09:23	09:23	208.8	195.6		65.0	30.0	0.0	0	0
09:24	09:24	208.8	195.7		65.0	30.0	0.0	0	0
09:25	09:25	208.9	195.9		65.0	30.0	0.0	0	0
09:26	09:26	208.9	196.0		65.0	30.0	0.0	0	0
09:27	09:27	209.0	196.1		65.0	30.0	0.0	0	0
09:28	09:28	209.0	196.1		65.0	30.0	0.0	0	0
09:29	09:29	209.1	196.3		65.0	30.0	0.0	0	0
09:30	09:30	209.2	196.4		65.0	30.0	0.0	0	0
09:31	09:31	209.2	196.5		65.0	30.0	0.0	0	0
09:32	09:32	209.3	196.6		65.0	30.0	0.0	0	0
09:33	09:33	209.5	196.7		65.0	30.0	0.0	0	0
09:34	09:34	209.5	196.7		65.0	30.0	0.0	0	0
09:35	09:35	209.6	196.9		65.0	30.0	0.0	0	0
09:36	09:36	209.7	197.0		65.0	30.0	0.0	0	0
09:37	09:37	209.7	197.1		65.0	30.0	0.0	0	0
09:38	09:38	209.9	197.2		65.0	30.0	0.0	0	0
09:39	09:39	209.9	197.3		65.0	30.0	0.0	0	0
09:40	09:40	210.0	197.4		65.0	30.0	0.0	0	0
09:41	09:41	210.0	197.5		65.0	30.0	0.0	0	0
09:42	09:42	210.1	197.6		65.0	30.0	0.0	0	0
09:43	09:43	210.2	197.7		65.0	30.0	0.0	0	0
09:44	09:44	210.2	197.8		65.0	30.0	0.0	0	0
09:45	09:45	210.3	197.9	FCs	65.0	30.0	0.0	0	0
09:46	09:46	210.4	198.0		65.0	27.0	0.0	0	0
09:47	09:47	210.5	198.2		65.0	27.0	0.0	0	0
09:48	09:48	210.6	198.3		65.0	26.0	0.0	0	0
09:49	09:49	210.6	198.3		65.0	25.0	0.0	0	0
09:50	09:50	210.6	198.5		65.0	23.0	0.0	0	0
09:51	09:51	210.7	198.6		65.0	22.0	0.0	0	0
09:52	09:52	210.7	198.7		65.0	21.0	0.0	0	0
09:53	09:53	210.7	198.8		65.0	20.0	0.0	0	0
09:54	09:54	210.7	198.9		65.0	20.0	0.0	0	0
09:55	09:55	210.7	199.0		65.0	20.0	0.0	0	0
09:56	09:56	210.7	199.1		65.0	20.0	0.0	0	0
09:57	09:57	210.7	199.2		65.0	20.0	0.0	0	0
09:58	09:58	210.7	199.3		65.0	20.0	0.0	0	0
09:59	09:59	210.7	199.4		65.0	20.0	0.0	0	0
10:00	10:00	210.7	199.6		65.0	20.0	0.0	0	0
10:01	10:01	210.7	199.7		65.0	20.0	0.0	0	0
10:02	10:02	210.7	199.7		65.0	20.0	0.0	0	0
10:03	10:03	210.7	199.9		65.0	20.0	0.0	0	0
10:04	10:04	210.7	200.0		65.0	20.0	0.0	0	0
10:05	10:05	210.7	200.1		65.0	20.0	0.0	0	0
10:06	10:06	210.7	200.2		65.0	20.0	0.0	0	0
10:07	10:07	210.7	200.3		65.0	20.0	0.0	0	0
10:08	10:08	210.8	200.4		65.0	20.0	0.0	0	0
10:09	10:09	210.8	200.5		65.0	20.0	0.0	0	0
10:10	10:10	210.8	200.6		65.0	20.0	0.0	0	0
10:11	10:11	210.8	200.7		65.0	20.0	0.0	0	0
10:12	10:12	210.8	200.8		65.0	20.0	0.0	0	0
10:13	10:13	210.8	200.9		65.0	20.0	0.0	0	0
10:14	10:14	210.8	201.0		65.0	20.0	0.0	0	0
10:15	10:15	210.8	201.0		65.0	20.0	0.0	0	0
10:16	10:16	210.9	201.2		65.0	20.0	0.0	0	0
10:17	10:17	210.9	201.3		65.0	20.0	0.0	0	0
10:18	10:18	211.0	201.4		65.0	20.0	0.0	0	0
10:19	10:19	211.0	201.5		65.0	20.0	0.0	0	0
10:20	10:20	211.0	201.6		65.0	20.0	0.0	0	0
10:21	10:21	211.0	201.7		65.0	20.0	0.0	0	0
10:22	10:22	211.1	201.8		65.0	20.0	0.0	0	0
10:23	10:23	211.1	201.9		65.0	20.0	0.0	0	0
10:24	10:24	211.2	202.0		65.0	20.0	0.0	0	0
10:25	10:25	211.2	202.0		65.0	19.0	0.0	0	0
10:26	10:26	211.2	202.2		65.0	17.0	0.0	0	0
10:27	10:27	211.3	202.3		65.0	16.0	0.0	0	0
10:28	10:28	211.3	202.4		65.0	15.0	0.0	0	0
10:29	10:29	211.3	202.5		65.0	15.0	0.0	0	0
10:30	10:30	211.3	202.5		65.0	15.0	0.0	0	0
10:31	10:31	211.3	202.6		65.0	15.0	0.0	0	0
10:32	10:32	211.3	202.7		65.0	15.0	0.0	0	0
10:33	10:33	211.3	202.8		65.0	15.0	0.0	0	0
10:34	10:34	211.3	202.9		65.0	15.0	0.0	0	0
10:35	10:35	211.3	203.0		65.0	15.0	0.0	0	0
10:36	10:36	211.3	203.1		65.0	15.0	0.0	0	0
10:37	10:37	211.3	203.2		65.0	15.0	0.0	0	0
10:38	10:38	211.3	203.3		65.0	15.0	0.0	0	0
10:39	10:39	211.3	203.4		65.0	15.0	0.0	0	0
10:40	10:40	211.3	203.5		65.0	15.0	0.0	0	0
10:41	10:41	211.4	203.6		65.0	15.0	0.0	0	0
10:42	10:42	211.4	203.7		65.0	15.0	0.0	0	0
10:43	10:43	211.5	203.7		65.0	15.0	0.0	0	0
10:44	10:44	211.5	203.8		65.0	15.0	0.0	0	0
10:45	10:45	211.5	203.9		65.0	15.0	0.0	0	0
10:46	10:46	211.5	204.0		65.0	15.0	0.0	0	0
10:47	10:47	211.6	204.1		65.0	15.0	0.0	0	0
10:48	10:48	211.6	204.2		65.0	15.0	0.0	0	0
10:49	10:49	211.6	204.3		65.0	15.0	0.0	0	0
10:50	10:50	211.6	204.4		65.0	15.0	0.0	0	0
10:51	10:51	211.6	204.5		65.0	15.0	0.0	0	0
10:52	10:52	211.6	204.6		65.0	15.0	0.0	0	0
10:53	10:53	211.6	204.6		65.0	15.0	0.0	0	0
10:54	10:54	211.7	204.7		65.0	15.0	0.0	0	0
10:55	10:55	211.7	204.8		65.0	15.0	0.0	0	0
10:56	10:56	211.7	204.9		65.0	15.0	0.0	0	0
10:57	10:57	211.8	205.0		65.0	15.0	0.0	0	0
10:58	10:58	211.8	205.1		65.0	15.0	0.0	0	0
10:59	10:59	211.8	205.2		65.0	15.0	0.0	0	0
11:00	11:00	211.8	205.2		65.0	15.0	0.0	0	0
11:01	11:01	211.9	205.3		65.0	15.0	0.0	0	0
11:02	11:02	211.9	205.4		65.0	15.0	0.0	0	0
11:03	11:03	212.0	205.5		65.0	15.0	0.0	0	0
11:04	11:04	212.1	205.6		65.0	13.0	0.0	0	0
11:05	11:05	212.1	205.7		65.0	12.0	0.0	0	0
11:06	11:06	212.2	205.7		65.0	11.0	0.0	0	0
11:07	11:07	212.2	205.8		65.0	11.0	0.0	0	0
11:08	11:08	212.2	205.9		65.0	10.0	0.0	0	0
11:09	11:09	212.2	206.0		65.0	10.0	0.0	0	0
11:10	11:10	212.2	206.1		65.0	10.0	0.0	0	0
11:11	11:11	212.2	206.2		65.0	10.0	0.0	0	0
11:12	11:12	212.2	206.2		65.0	10.0	0.0	0	0
11:13	11:13	212.2	206.3		65.0	10.0	0.0	0	0
11:14	11:14	212.2	206.4		65.0	10.0	0.0	0	0
11:15	11:15	212.2	206.5		65.0	10.0	0.0	0	0
11:16	11:16	212.2	206.6		65.0	10.0	0.0	0	0
11:17	11:17	212.2	206.6		65.0	10.0	0.0	0	0
11:18	11:18	212.2	206.7		65.0	10.0	0.0	0	0
11:19	11:19	212.2	206.8		65.0	10.0	0.0	0	0
11:20	11:20	212.2	206.9		65.0	10.0	0.0	0	0
11:21	11:21	212.2	206.9		65.0	10.0	0.0	0	0
11:22	11:22	212.2	207.1		65.0	10.0	0.0	0	0
11:23	11:23	212.3	207.1		65.0	10.0	0.0	0	0
11:24	11:24	212.3	207.2		65.0	10.0	0.0	0	0
11:25	11:25	212.3	207.2		65.0	10.0	0.0	0	0
11:26	11:26	212.3	207.3		65.0	10.0	0.0	0	0
11:27	11:27	212.3	207.4		65.0	10.0	0.0	0	0
11:28	11:28	212.3	207.5		65.0	10.0	0.0	0	0
11:29	11:29	212.3	207.5		65.0	10.0	0.0	0	0
11:30	11:30	212.3	207.6		65.0	10.0	0.0	0	0
11:31	11:31	212.3	207.7		65.0	10.0	0.0	0	0
11:32	11:32	212.3	207.8		65.0	10.0	0.0	0	0
11:33	11:33	212.3	207.9		65.0	10.0	0.0	0	0
11:34	11:34	212.3	207.9		65.0	10.0	0.0	0	0
11:35	11:35	212.4	208.0		65.0	10.0	0.0	0	0
11:36	11:36	212.4	208.1		65.0	10.0	0.0	0	0
11:37	11:37	212.4	208.1		65.0	10.0	0.0	0	0
11:38	11:38	212.4	208.2		65.0	10.0	0.0	0	0
11:39	11:39	212.5	208.3		65.0	10.0	0.0	0	0
11:40	11:40	212.6	208.4		65.0	10.0	0.0	0	0
11:41	11:41	212.6	208.5		65.0	10.0	0.0	0	0
11:42	11:42	212.6	208.5		65.0	10.0	0.0	0	0
11:43	11:43	212.7	208.6		65.0	10.0	0.0	0	0
11:44	11:44	212.7	208.7		65.0	10.0	0.0	0	0
11:45	11:45	212.7	208.7		65.0	10.0	0.0	0	0
11:46	11:46	212.8	208.9		65.0	10.0	0.0	0	0
11:47	11:47	212.8	208.9		65.0	10.0	0.0	0	0
11:48	11:48	212.8	209.0		65.0	10.0	0.0	0	0
11:49	11:49	212.9	209.1		65.0	10.0	0.0	0	0
11:50	11:50	212.9	209.2		65.0	10.0	0.0	0	0
11:51	11:51	212.9	209.2		65.0	10.0	0.0	0	0
11:52	11:52	213.0	209.3		65.0	10.0	0.0	0	0
11:53	11:53	213.0	209.3		65.0	10.0	0.0	0	0
11:54	11:54	213.0	209.5		65.0	10.0	0.0	0	0
11:55	11:55	213.1	209.5		65.0	10.0	0.0	0	0
11:56	11:56	213.1	209.6		65.0	10.0	0.0	0	0
11:57	11:57	213.1	209.7		65.0	10.0	0.0	0	0
11:58	11:58	213.1	209.7		65.0	10.0	0.0	0	0
11:59	11:59	213.1	209.8		65.0	10.0	0.0	0	0
12:00	12:00	213.2	209.9		65.0	10.0	0.0	0	0
12:01	12:01	213.2	210.0		65.0	10.0	0.0	0	0
12:02	12:02	213.2	210.1		65.0	10.0	0.0	0	0
12:03	12:03	213.3	210.2		65.0	10.0	0.0	0	0
12:04	12:04	213.4	210.2		65.0	10.0	0.0	0	0
12:05	12:05	213.4	210.3		65.0	10.0	0.0	0	0
12:06	12:06	213.4	210.4		65.0	10.0	0.0	0	0
12:07	12:07	213.5	210.4		65.0	10.0	0.0	0	0
12:08	12:08	213.5	210.6		65.0	10.0	0.0	0	0
12:09	12:09	213.6	210.6		65.0	10.0	0.0	0	0
12:10	12:10	213.7	210.7		65.0	10.0	0.0	0	0
12:11	12:11	213.7	210.8		65.0	10.0	0.0	0	0
12:12	12:12	213.7	210.8		65.0	10.0	0.0	0	0
12:13	12:13	213.8	210.9		65.0	10.0	0.0	0	0
12:14	12:14	213.8	211.0		65.0	10.0	0.0	0	0
12:15	12:15	213.9	211.1	DROP	65.0	10.0	0.0	0	0
