Date:16.06.2026 10:39:00	Unit:C	CHARGE:00:01	TP:01:33	DRYe:11:35	FCs:24:48	FCe:	SCs:	SCe:	DROP:30:46	COOL:	Time:10:39
Time1	Time2	ET	BT	Event	Air(%)	Burner(%)	Drum(%)	VacFlag	VacSP(Pa)
00:01	00:00	2.9	191.0	CHARGE	60.0	50.0	80.0	0	0
00:02	00:01	2.9	191.0		60.0	50.0	80.0	0	0
00:03	00:02	2.9	186.1		60.0	50.0	80.0	0	0
00:04	00:03	2.9	180.1		60.0	50.0	80.0	0	0
00:05	00:04	2.9	174.1		60.0	50.0	80.0	0	0
00:06	00:05	2.9	173.0		60.0	50.0	80.0	0	0
00:07	00:06	2.9	169.0		60.0	50.0	80.0	0	0
00:08	00:07	2.9	164.0		60.0	50.0	80.0	0	0
00:09	00:08	2.9	161.1		60.0	50.0	80.0	0	0
00:10	00:09	2.9	159.0		60.0	50.0	80.0	0	0
00:11	00:10	2.9	155.6		60.0	50.0	80.0	0	0
00:12	00:11	2.9	152.0		60.0	50.0	80.0	0	0
00:13	00:12	2.9	149.0		60.0	50.0	80.0	0	0
00:14	00:13	2.9	146.0		60.0	50.0	80.0	0	0
00:15	00:14	2.9	143.0		60.0	50.0	80.0	0	0
00:16	00:15	2.9	140.0		60.0	50.0	80.0	0	0
00:17	00:16	2.9	137.0		60.0	50.0	80.0	0	0
00:18	00:17	2.9	134.0		60.0	50.0	80.0	0	0
00:19	00:18	2.9	132.7		60.0	50.0	80.0	0	0
00:20	00:19	2.9	130.0		60.0	50.0	80.0	0	0
00:21	00:20	3.0	129.0		60.0	50.0	80.0	0	0
00:22	00:21	3.0	127.0		60.0	50.0	80.0	0	0
00:23	00:22	3.0	124.1		60.0	50.0	80.0	0	0
00:24	00:23	3.0	124.0		60.0	50.0	80.0	0	0
00:25	00:24	3.0	122.0		60.0	50.0	80.0	0	0
00:26	00:25	3.0	120.0		60.0	50.0	80.0	0	0
00:27	00:26	3.0	118.0		60.0	50.0	80.0	0	0
00:28	00:27	3.0	117.0		60.0	50.0	80.0	0	0
00:29	00:28	3.0	115.0		60.0	50.0	80.0	0	0
00:30	00:29	3.0	112.0		60.0	50.0	80.0	0	0
00:31	00:30	3.0	109.0		60.0	50.0	80.0	0	0
00:32	00:31	3.0	108.0		60.0	50.0	80.0	0	0
00:33	00:32	3.0	107.0		60.0	50.0	80.0	0	0
00:34	00:33	3.0	107.0		60.0	50.0	80.0	0	0
00:35	00:34	3.0	106.0		60.0	50.0	80.0	0	0
00:36	00:35	3.0	104.0		60.0	50.0	80.0	0	0
00:37	00:36	3.0	102.0		60.0	50.0	80.0	0	0
00:38	00:37	3.0	102.0		60.0	50.0	80.0	0	0
00:39	00:38	3.0	101.0		60.0	50.0	80.0	0	0
00:40	00:39	3.0	100.0		60.0	50.0	80.0	0	0
00:41	00:40	3.0	99.0		60.0	50.0	80.0	0	0
00:42	00:41	3.0	98.0		60.0	50.0	80.0	0	0
00:43	00:42	3.0	97.0		60.0	50.0	80.0	0	0
00:44	00:43	3.0	96.0		60.0	50.0	80.0	0	0
00:45	00:44	3.0	95.0		60.0	50.0	80.0	0	0
00:46	00:45	3.0	94.0		60.0	50.0	80.0	0	0
00:47	00:46	3.0	93.0		60.0	50.0	80.0	0	0
00:48	00:47	3.0	92.5		60.0	50.0	80.0	0	0
00:49	00:48	3.0	92.0		60.0	50.0	80.0	0	0
00:50	00:49	3.0	91.4		60.0	50.0	80.0	0	0
00:51	00:50	3.0	90.9		60.0	50.0	80.0	0	0
00:52	00:51	3.0	90.3		60.0	50.0	80.0	0	0
00:53	00:52	3.0	89.7		60.0	50.0	80.0	0	0
00:54	00:53	3.0	89.2		60.0	50.0	80.0	0	0
00:55	00:54	3.0	88.6		60.0	50.0	80.0	0	0
00:56	00:55	3.0	88.1		60.0	50.0	80.0	0	0
00:57	00:56	3.0	87.6		60.0	50.0	80.0	0	0
00:58	00:57	3.0	87.0		60.0	50.0	80.0	0	0
00:59	00:58	3.0	86.5		60.0	50.0	80.0	0	0
01:00	00:59	3.0	86.0		60.0	50.0	80.0	0	0
01:01	01:00	3.0	85.5		60.0	50.0	80.0	0	0
01:02	01:01	3.0	85.0		60.0	50.0	80.0	0	0
01:03	01:02	3.0	84.6		60.0	50.0	80.0	0	0
01:04	01:03	3.0	84.2		60.0	50.0	80.0	0	0
01:05	01:04	3.0	83.8		60.0	50.0	80.0	0	0
01:06	01:05	3.0	83.4		60.0	50.0	80.0	0	0
01:07	01:06	3.0	83.0		60.0	50.0	80.0	0	0
01:08	01:07	3.0	82.5		60.0	50.0	80.0	0	0
01:09	01:08	3.0	82.1		60.0	50.0	80.0	0	0
01:10	01:09	3.0	81.6		60.0	50.0	80.0	0	0
01:11	01:10	3.0	81.1		60.0	50.0	80.0	0	0
01:12	01:11	3.0	80.7		60.0	50.0	80.0	0	0
01:13	01:12	3.0	80.3		60.0	50.0	80.0	0	0
01:14	01:13	3.0	80.3		60.0	50.0	80.0	0	0
01:15	01:14	3.0	80.3		60.0	50.0	80.0	0	0
01:16	01:15	3.0	80.2		60.0	50.0	80.0	0	0
01:17	01:16	3.0	80.1		60.0	50.0	80.0	0	0
01:18	01:17	3.0	80.0		60.0	50.0	80.0	0	0
01:19	01:18	3.0	79.9		60.0	50.0	80.0	0	0
01:20	01:19	3.0	79.8		60.0	50.0	80.0	0	0
01:21	01:20	3.0	79.7		60.0	50.0	80.0	0	0
01:22	01:21	3.0	79.5		60.0	50.0	80.0	0	0
01:23	01:22	3.0	79.4		60.0	50.0	80.0	0	0
01:24	01:23	3.0	79.3		60.0	50.0	80.0	0	0
01:25	01:24	3.0	79.2		60.0	50.0	80.0	0	0
01:26	01:25	3.0	79.1		60.0	50.0	80.0	0	0
01:27	01:26	3.0	79.1		60.0	50.0	80.0	0	0
01:28	01:27	3.0	79.1		60.0	50.0	80.0	0	0
01:29	01:28	3.0	79.0		60.0	50.0	80.0	0	0
01:30	01:29	3.0	79.0		60.0	50.0	80.0	0	0
01:31	01:30	3.0	79.0		60.0	50.0	80.0	0	0
01:32	01:31	3.0	79.1	TP	60.0	50.0	80.0	0	0
01:33	01:32	3.0	79.1		60.0	50.0	80.0	0	0
01:34	01:33	3.0	79.2		60.0	50.0	80.0	0	0
01:35	01:34	3.0	79.5		60.0	50.0	80.0	0	0
01:36	01:35	3.0	79.7		60.0	50.0	80.0	0	0
01:37	01:36	3.0	79.8		60.0	50.0	80.0	0	0
01:38	01:37	3.0	79.9		60.0	100.0	80.0	0	0
01:39	01:38	3.0	80.0		60.0	100.0	80.0	0	0
01:40	01:39	3.0	80.2		60.0	100.0	80.0	0	0
01:41	01:40	3.0	80.4		60.0	100.0	80.0	0	0
01:42	01:41	3.0	80.5		60.0	100.0	80.0	0	0
01:43	01:42	3.0	80.7		60.0	100.0	80.0	0	0
01:44	01:43	3.0	80.7		60.0	100.0	80.0	0	0
01:45	01:44	3.0	80.8		60.0	100.0	80.0	0	0
01:46	01:45	3.0	80.9		60.0	100.0	80.0	0	0
01:47	01:46	3.0	81.0		60.0	100.0	80.0	0	0
01:48	01:47	3.0	81.1		60.0	100.0	80.0	0	0
01:49	01:48	3.0	81.3		60.0	100.0	80.0	0	0
01:50	01:49	3.0	81.4		60.0	100.0	80.0	0	0
01:51	01:50	3.0	81.5		60.0	100.0	80.0	0	0
01:52	01:51	3.0	81.7		60.0	100.0	80.0	0	0
01:53	01:52	3.0	81.8		60.0	100.0	80.0	0	0
01:54	01:53	3.0	81.9		60.0	100.0	80.0	0	0
01:55	01:54	3.0	82.0		60.0	100.0	80.0	0	0
01:56	01:55	3.0	82.2		60.0	100.0	80.0	0	0
01:57	01:56	3.0	82.3		60.0	100.0	80.0	0	0
01:58	01:57	3.0	82.4		60.0	100.0	80.0	0	0
01:59	01:58	3.0	82.5		60.0	100.0	80.0	0	0
02:00	01:59	3.0	82.7		60.0	100.0	80.0	0	0
02:01	02:00	3.0	82.8		60.0	100.0	80.0	0	0
02:02	02:01	3.0	83.0		60.0	100.0	80.0	0	0
02:03	02:02	3.0	83.2		60.0	100.0	80.0	0	0
02:04	02:03	3.0	83.4		60.0	100.0	80.0	0	0
02:05	02:04	3.0	83.5		60.0	100.0	80.0	0	0
02:06	02:05	3.0	83.7		60.0	100.0	80.0	0	0
02:07	02:06	3.0	83.8		60.0	100.0	80.0	0	0
02:08	02:07	3.0	84.0		60.0	100.0	80.0	0	0
02:09	02:08	3.0	84.1		60.0	100.0	80.0	0	0
02:10	02:09	3.0	84.3		60.0	100.0	80.0	0	0
02:11	02:10	3.0	84.4		60.0	100.0	80.0	0	0
02:12	02:11	3.0	84.6		60.0	100.0	80.0	0	0
02:13	02:12	3.0	84.8		60.0	100.0	80.0	0	0
02:14	02:13	3.0	84.9		60.0	100.0	80.0	0	0
02:15	02:14	3.0	85.1		60.0	100.0	80.0	0	0
02:16	02:15	3.0	85.3		60.0	100.0	80.0	0	0
02:17	02:16	3.0	85.5		60.0	100.0	80.0	0	0
02:18	02:17	3.0	85.6		60.0	100.0	80.0	0	0
02:19	02:18	3.0	85.8		60.0	100.0	80.0	0	0
02:20	02:19	3.0	85.8		60.0	100.0	80.0	0	0
02:21	02:20	3.0	86.0		60.0	100.0	80.0	0	0
02:22	02:21	3.0	86.1		60.0	100.0	80.0	0	0
02:23	02:22	3.0	86.3		60.0	100.0	80.0	0	0
02:24	02:23	3.0	86.5		60.0	100.0	80.0	0	0
02:25	02:24	3.0	86.6		60.0	100.0	80.0	0	0
02:26	02:25	3.0	86.8		60.0	100.0	80.0	0	0
02:27	02:26	3.0	86.9		60.0	100.0	80.0	0	0
02:28	02:27	3.0	87.2		60.0	100.0	80.0	0	0
02:29	02:28	3.0	87.4		60.0	100.0	80.0	0	0
02:30	02:29	3.0	87.5		60.0	100.0	80.0	0	0
02:31	02:30	3.0	87.7		60.0	100.0	80.0	0	0
02:32	02:31	3.0	87.8		60.0	100.0	80.0	0	0
02:33	02:32	3.0	88.0		60.0	100.0	80.0	0	0
02:34	02:33	3.0	88.2		60.0	100.0	80.0	0	0
02:35	02:34	3.0	88.3		60.0	100.0	80.0	0	0
02:36	02:35	3.0	88.5		60.0	100.0	80.0	0	0
02:37	02:36	3.0	88.7		60.0	100.0	80.0	0	0
02:38	02:37	3.0	88.9		60.0	100.0	80.0	0	0
02:39	02:38	3.0	89.1		60.0	100.0	80.0	0	0
02:40	02:39	3.0	89.2		60.0	100.0	80.0	0	0
02:41	02:40	3.0	89.4		60.0	100.0	80.0	0	0
02:42	02:41	3.0	89.6		60.0	100.0	80.0	0	0
02:43	02:42	3.0	89.8		60.0	100.0	80.0	0	0
02:44	02:43	3.0	90.0		60.0	100.0	80.0	0	0
02:45	02:44	3.0	90.2		60.0	100.0	80.0	0	0
02:46	02:45	3.0	90.3		60.0	100.0	80.0	0	0
02:47	02:46	3.0	90.5		60.0	100.0	80.0	0	0
02:48	02:47	3.0	90.7		60.0	100.0	80.0	0	0
02:49	02:48	3.0	90.9		60.0	100.0	80.0	0	0
02:50	02:49	3.0	91.1		60.0	100.0	80.0	0	0
02:51	02:50	3.0	91.3		60.0	100.0	80.0	0	0
02:52	02:51	3.0	91.5		60.0	100.0	80.0	0	0
02:53	02:52	3.0	91.6		60.0	100.0	80.0	0	0
02:54	02:53	3.0	91.9		60.0	100.0	80.0	0	0
02:55	02:54	3.0	92.0		60.0	100.0	80.0	0	0
02:56	02:55	3.0	92.2		60.0	100.0	80.0	0	0
02:57	02:56	3.0	92.4		60.0	100.0	80.0	0	0
02:58	02:57	3.0	92.6		60.0	100.0	80.0	0	0
02:59	02:58	3.0	92.8		60.0	100.0	80.0	0	0
03:00	02:59	3.0	92.9		60.0	100.0	80.0	0	0
03:01	03:00	3.0	93.1		60.0	100.0	80.0	0	0
03:02	03:01	3.0	93.3		60.0	100.0	80.0	0	0
03:03	03:02	3.0	93.5		60.0	100.0	80.0	0	0
03:04	03:03	3.0	93.7		60.0	100.0	80.0	0	0
03:05	03:04	3.0	93.9		60.0	100.0	80.0	0	0
03:06	03:05	3.0	94.0		60.0	100.0	80.0	0	0
03:07	03:06	3.0	94.2		60.0	100.0	80.0	0	0
03:08	03:07	3.0	94.4		60.0	100.0	80.0	0	0
03:09	03:08	3.0	94.6		60.0	100.0	80.0	0	0
03:10	03:09	3.0	94.8		60.0	100.0	80.0	0	0
03:11	03:10	3.0	95.0		60.0	100.0	80.0	0	0
03:12	03:11	3.0	95.2		60.0	100.0	80.0	0	0
03:13	03:12	3.0	95.4		60.0	100.0	80.0	0	0
03:14	03:13	3.0	95.6		60.0	100.0	80.0	0	0
03:15	03:14	3.0	95.8		60.0	100.0	80.0	0	0
03:16	03:15	3.0	96.0		60.0	100.0	80.0	0	0
03:17	03:16	3.0	96.2		60.0	100.0	80.0	0	0
03:18	03:17	3.0	96.3		60.0	100.0	80.0	0	0
03:19	03:18	3.0	96.5		60.0	100.0	80.0	0	0
03:20	03:19	3.0	96.7		60.0	100.0	80.0	0	0
03:21	03:20	3.0	96.8		60.0	100.0	80.0	0	0
03:22	03:21	3.0	97.0		60.0	100.0	80.0	0	0
03:23	03:22	3.0	97.2		60.0	100.0	80.0	0	0
03:24	03:23	3.0	97.4		60.0	100.0	80.0	0	0
03:25	03:24	3.0	97.6		60.0	100.0	80.0	0	0
03:26	03:25	3.0	97.8		60.0	100.0	80.0	0	0
03:27	03:26	3.0	98.0		60.0	100.0	80.0	0	0
03:28	03:27	3.0	98.2		60.0	100.0	80.0	0	0
03:29	03:28	3.0	98.4		60.0	100.0	80.0	0	0
03:30	03:29	3.0	98.6		60.0	100.0	80.0	0	0
03:31	03:30	3.0	98.8		60.0	100.0	80.0	0	0
03:32	03:31	3.0	99.1		60.0	100.0	80.0	0	0
03:33	03:32	3.0	99.3		60.0	100.0	80.0	0	0
03:34	03:33	3.0	99.5		60.0	100.0	80.0	0	0
03:35	03:34	3.0	99.7		60.0	100.0	80.0	0	0
03:36	03:35	3.0	99.9		60.0	100.0	80.0	0	0
03:37	03:36	3.0	100.1		60.0	100.0	80.0	0	0
03:38	03:37	3.0	100.3		60.0	100.0	80.0	0	0
03:39	03:38	3.0	100.5		60.0	100.0	80.0	0	0
03:40	03:39	3.0	100.7		60.0	100.0	80.0	0	0
03:41	03:40	3.0	100.9		60.0	100.0	80.0	0	0
03:42	03:41	3.0	101.1		60.0	100.0	80.0	0	0
03:43	03:42	3.0	101.3		60.0	100.0	80.0	0	0
03:44	03:43	3.0	101.5		60.0	100.0	80.0	0	0
03:45	03:44	3.0	101.8		60.0	100.0	80.0	0	0
03:46	03:45	3.0	102.0		60.0	100.0	80.0	0	0
03:47	03:46	3.0	102.2		60.0	100.0	80.0	0	0
03:48	03:47	3.0	102.3		60.0	100.0	80.0	0	0
03:49	03:48	3.0	102.5		60.0	100.0	80.0	0	0
03:50	03:49	3.0	102.7		60.0	100.0	80.0	0	0
03:51	03:50	3.0	103.0		60.0	100.0	80.0	0	0
03:52	03:51	3.0	103.2		60.0	100.0	80.0	0	0
03:53	03:52	3.0	103.4		60.0	100.0	80.0	0	0
03:54	03:53	3.0	103.5		60.0	100.0	80.0	0	0
03:55	03:54	3.0	103.6		60.0	100.0	80.0	0	0
03:56	03:55	3.0	103.9		60.0	100.0	80.0	0	0
03:57	03:56	3.0	104.0		60.0	100.0	80.0	0	0
03:58	03:57	3.0	104.2		60.0	100.0	80.0	0	0
03:59	03:58	3.0	104.5		60.0	100.0	80.0	0	0
04:00	03:59	3.0	104.7		60.0	100.0	80.0	0	0
04:01	04:00	3.0	104.9		60.0	100.0	80.0	0	0
04:02	04:01	3.0	105.1		60.0	100.0	80.0	0	0
04:03	04:02	3.0	105.4		60.0	100.0	80.0	0	0
04:04	04:03	3.0	105.6		60.0	100.0	80.0	0	0
04:05	04:04	3.0	105.7		60.0	100.0	80.0	0	0
04:06	04:05	3.0	105.9		60.0	100.0	80.0	0	0
04:07	04:06	3.0	106.1		60.0	100.0	80.0	0	0
04:08	04:07	3.0	106.2		60.0	100.0	80.0	0	0
04:09	04:08	3.0	106.4		60.0	100.0	80.0	0	0
04:10	04:09	3.0	106.6		60.0	100.0	80.0	0	0
04:11	04:10	3.0	106.7		60.0	100.0	80.0	0	0
04:12	04:11	3.0	107.0		60.0	100.0	80.0	0	0
04:13	04:12	3.0	107.2		60.0	100.0	80.0	0	0
04:14	04:13	3.0	107.4		60.0	100.0	80.0	0	0
04:15	04:14	3.0	107.5		60.0	100.0	80.0	0	0
04:16	04:15	3.0	107.7		60.0	100.0	80.0	0	0
04:17	04:16	3.0	107.8		60.0	100.0	80.0	0	0
04:18	04:17	3.0	108.0		60.0	100.0	80.0	0	0
04:19	04:18	3.0	108.2		60.0	100.0	80.0	0	0
04:20	04:19	3.0	108.4		60.0	100.0	80.0	0	0
04:21	04:20	3.0	108.5		60.0	100.0	80.0	0	0
04:22	04:21	3.0	108.7		60.0	100.0	80.0	0	0
04:23	04:22	3.0	108.9		60.0	100.0	80.0	0	0
04:24	04:23	3.0	109.1		60.0	100.0	80.0	0	0
04:25	04:24	3.0	109.3		60.0	100.0	80.0	0	0
04:26	04:25	3.0	109.5		60.0	100.0	80.0	0	0
04:27	04:26	3.0	109.8		60.0	100.0	80.0	0	0
04:28	04:27	3.0	110.0		60.0	100.0	80.0	0	0
04:29	04:28	3.0	110.2		60.0	100.0	80.0	0	0
04:30	04:29	3.0	110.4		60.0	100.0	80.0	0	0
04:31	04:30	3.0	110.6		60.0	100.0	80.0	0	0
04:32	04:31	3.0	110.8		60.0	100.0	80.0	0	0
04:33	04:32	3.0	111.1		60.0	100.0	80.0	0	0
04:34	04:33	3.0	111.2		60.0	100.0	80.0	0	0
04:35	04:34	3.0	111.5		60.0	100.0	80.0	0	0
04:36	04:35	3.0	111.7		60.0	100.0	80.0	0	0
04:37	04:36	3.0	111.8		60.0	100.0	80.0	0	0
04:38	04:37	3.0	112.0		60.0	100.0	80.0	0	0
04:39	04:38	3.0	112.4		60.0	100.0	80.0	0	0
04:40	04:39	3.0	112.6		60.0	100.0	80.0	0	0
04:41	04:40	3.0	112.7		60.0	100.0	80.0	0	0
04:42	04:41	3.0	112.9		60.0	100.0	80.0	0	0
04:43	04:42	3.0	113.1		60.0	100.0	80.0	0	0
04:44	04:43	3.0	113.2		60.0	100.0	80.0	0	0
04:45	04:44	3.0	113.4		60.0	100.0	80.0	0	0
04:46	04:45	3.0	113.6		60.0	100.0	80.0	0	0
04:47	04:46	3.0	113.8		60.0	100.0	80.0	0	0
04:48	04:47	3.0	113.9		60.0	100.0	80.0	0	0
04:49	04:48	3.0	114.0		60.0	100.0	80.0	0	0
04:50	04:49	3.0	114.1		60.0	100.0	80.0	0	0
04:51	04:50	3.0	114.3		60.0	100.0	80.0	0	0
04:52	04:51	3.0	114.5		60.0	100.0	80.0	0	0
04:53	04:52	3.0	114.7		60.0	100.0	80.0	0	0
04:54	04:53	3.0	114.8		60.0	100.0	80.0	0	0
04:55	04:54	3.0	115.0		60.0	100.0	80.0	0	0
04:56	04:55	3.0	115.3		60.0	100.0	80.0	0	0
04:57	04:56	3.0	115.5		60.0	100.0	80.0	0	0
04:58	04:57	3.0	115.7		60.0	100.0	80.0	0	0
04:59	04:58	3.0	115.9		60.0	100.0	80.0	0	0
05:00	04:59	3.0	116.1		60.0	100.0	80.0	0	0
05:01	05:00	3.0	116.3		60.0	100.0	80.0	0	0
05:02	05:01	3.0	116.6		60.0	100.0	80.0	0	0
05:03	05:02	3.0	116.8		60.0	100.0	80.0	0	0
05:04	05:03	3.0	117.0		60.0	100.0	80.0	0	0
05:05	05:04	3.0	117.2		60.0	100.0	80.0	0	0
05:06	05:05	3.0	117.4		60.0	100.0	80.0	0	0
05:07	05:06	3.0	117.6		60.0	100.0	80.0	0	0
05:08	05:07	3.0	117.8		60.0	100.0	80.0	0	0
05:09	05:08	3.0	118.0		60.0	100.0	80.0	0	0
05:10	05:09	3.0	118.3		60.0	100.0	80.0	0	0
05:11	05:10	3.0	118.4		60.0	100.0	80.0	0	0
05:12	05:11	3.0	118.6		60.0	100.0	80.0	0	0
05:13	05:12	3.0	118.7		60.0	100.0	80.0	0	0
05:14	05:13	3.0	118.9		60.0	100.0	80.0	0	0
05:15	05:14	3.0	119.1		60.0	100.0	80.0	0	0
05:16	05:15	3.0	119.3		60.0	100.0	80.0	0	0
05:17	05:16	3.0	119.5		60.0	100.0	80.0	0	0
05:18	05:17	3.0	119.6		60.0	100.0	80.0	0	0
05:19	05:18	3.0	119.9		60.0	100.0	80.0	0	0
05:20	05:19	3.0	120.1		60.0	100.0	80.0	0	0
05:21	05:20	3.0	120.2		60.0	100.0	80.0	0	0
05:22	05:21	3.0	120.4		60.0	100.0	80.0	0	0
05:23	05:22	3.0	120.6		60.0	100.0	80.0	0	0
05:24	05:23	3.0	120.8		60.0	100.0	80.0	0	0
05:25	05:24	3.0	121.0		60.0	100.0	80.0	0	0
05:26	05:25	3.0	121.2		60.0	100.0	80.0	0	0
05:27	05:26	3.0	121.4		60.0	100.0	80.0	0	0
05:28	05:27	3.0	121.6		60.0	100.0	80.0	0	0
05:29	05:28	3.0	121.8		60.0	100.0	80.0	0	0
05:30	05:29	3.0	122.0		60.0	100.0	80.0	0	0
05:31	05:30	3.0	122.3		60.0	100.0	80.0	0	0
05:32	05:31	3.0	122.5		60.0	100.0	80.0	0	0
05:33	05:32	3.0	122.7		60.0	100.0	80.0	0	0
05:34	05:33	3.0	122.8		60.0	100.0	80.0	0	0
05:35	05:34	3.0	123.0		60.0	100.0	80.0	0	0
05:36	05:35	3.0	123.2		60.0	100.0	80.0	0	0
05:37	05:36	3.0	123.4		60.0	100.0	80.0	0	0
05:38	05:37	3.0	123.6		60.0	100.0	80.0	0	0
05:39	05:38	3.0	123.8		60.0	100.0	80.0	0	0
05:40	05:39	3.0	124.0		60.0	100.0	80.0	0	0
05:41	05:40	3.0	124.2		60.0	100.0	80.0	0	0
05:42	05:41	3.0	124.4		60.0	100.0	80.0	0	0
05:43	05:42	3.0	124.6		60.0	100.0	80.0	0	0
05:44	05:43	3.0	124.8		60.0	100.0	80.0	0	0
05:45	05:44	3.0	125.0		60.0	100.0	80.0	0	0
05:46	05:45	3.0	125.2		60.0	100.0	80.0	0	0
05:47	05:46	3.0	125.3		60.0	100.0	80.0	0	0
05:48	05:47	3.0	125.4		60.0	100.0	80.0	0	0
05:49	05:48	3.0	125.7		60.0	100.0	80.0	0	0
05:50	05:49	3.0	125.9		60.0	100.0	80.0	0	0
05:51	05:50	3.0	126.1		60.0	100.0	80.0	0	0
05:52	05:51	3.0	126.4		60.0	100.0	80.0	0	0
05:53	05:52	3.0	126.6		60.0	100.0	80.0	0	0
05:54	05:53	3.0	126.6		60.0	100.0	80.0	0	0
05:55	05:54	3.0	126.8		60.0	100.0	80.0	0	0
05:56	05:55	3.0	127.1		60.0	100.0	80.0	0	0
05:57	05:56	3.0	127.4		60.0	100.0	80.0	0	0
05:58	05:57	3.0	127.7		60.0	100.0	80.0	0	0
05:59	05:58	3.0	127.9		60.0	100.0	80.0	0	0
06:00	05:59	3.0	128.0		60.0	100.0	80.0	0	0
06:01	06:00	3.0	128.2		60.0	100.0	80.0	0	0
06:02	06:01	3.0	128.2		60.0	100.0	80.0	0	0
06:03	06:02	3.0	128.4		60.0	100.0	80.0	0	0
06:04	06:03	3.0	128.6		60.0	100.0	80.0	0	0
06:05	06:04	3.0	128.8		60.0	100.0	80.0	0	0
06:06	06:05	3.0	128.9		60.0	100.0	80.0	0	0
06:07	06:06	3.0	129.1		60.0	100.0	80.0	0	0
06:08	06:07	3.0	129.2		60.0	100.0	80.0	0	0
06:09	06:08	3.0	129.4		60.0	100.0	80.0	0	0
06:10	06:09	3.0	129.6		60.0	100.0	80.0	0	0
06:11	06:10	3.0	129.8		60.0	100.0	80.0	0	0
06:12	06:11	3.0	129.9		60.0	100.0	80.0	0	0
06:13	06:12	3.0	130.1		60.0	100.0	80.0	0	0
06:14	06:13	3.0	130.3		60.0	100.0	80.0	0	0
06:15	06:14	3.0	130.4		60.0	100.0	80.0	0	0
06:16	06:15	3.0	130.6		60.0	100.0	80.0	0	0
06:17	06:16	3.0	130.8		60.0	100.0	80.0	0	0
06:18	06:17	3.0	131.0		60.0	100.0	80.0	0	0
06:19	06:18	3.0	131.3		60.0	100.0	80.0	0	0
06:20	06:19	3.0	131.5		60.0	100.0	80.0	0	0
06:21	06:20	3.0	131.6		60.0	100.0	80.0	0	0
06:22	06:21	3.0	131.8		60.0	100.0	80.0	0	0
06:23	06:22	3.0	132.0		60.0	100.0	80.0	0	0
06:24	06:23	3.0	132.2		60.0	100.0	80.0	0	0
06:25	06:24	3.0	132.3		60.0	100.0	80.0	0	0
06:26	06:25	3.0	132.6		60.0	100.0	80.0	0	0
06:27	06:26	3.0	132.8		60.0	100.0	80.0	0	0
06:28	06:27	3.0	133.0		60.0	100.0	80.0	0	0
06:29	06:28	3.0	133.2		60.0	100.0	80.0	0	0
06:30	06:29	3.0	133.3		60.0	100.0	80.0	0	0
06:31	06:30	3.0	133.5		60.0	100.0	80.0	0	0
06:32	06:31	3.0	133.6		60.0	100.0	80.0	0	0
06:33	06:32	3.0	133.7		60.0	100.0	80.0	0	0
06:34	06:33	3.0	133.7		60.0	100.0	80.0	0	0
06:35	06:34	3.0	133.9		60.0	100.0	80.0	0	0
06:36	06:35	3.0	133.9		60.0	100.0	80.0	0	0
06:37	06:36	3.0	134.0		60.0	100.0	80.0	0	0
06:38	06:37	3.0	134.2		60.0	100.0	80.0	0	0
06:39	06:38	3.0	134.3		60.0	100.0	80.0	0	0
06:40	06:39	3.0	134.4		60.0	100.0	80.0	0	0
06:41	06:40	3.0	134.6		60.0	100.0	80.0	0	0
06:42	06:41	3.0	134.7		60.0	100.0	80.0	0	0
06:43	06:42	3.0	134.8		60.0	100.0	80.0	0	0
06:44	06:43	3.0	135.0		60.0	100.0	80.0	0	0
06:45	06:44	3.0	135.1		60.0	100.0	80.0	0	0
06:46	06:45	3.0	135.2		60.0	100.0	80.0	0	0
06:47	06:46	3.0	135.3		60.0	100.0	80.0	0	0
06:48	06:47	3.0	135.3		60.0	100.0	80.0	0	0
06:49	06:48	3.0	135.4		60.0	100.0	80.0	0	0
06:50	06:49	3.0	135.5		60.0	100.0	80.0	0	0
06:51	06:50	3.0	135.7		60.0	100.0	80.0	0	0
06:52	06:51	3.0	135.8		60.0	100.0	80.0	0	0
06:53	06:52	3.0	135.9		60.0	100.0	80.0	0	0
06:54	06:53	3.0	136.0		60.0	100.0	80.0	0	0
06:55	06:54	3.0	136.1		60.0	100.0	80.0	0	0
06:56	06:55	3.0	136.2		60.0	100.0	80.0	0	0
06:57	06:56	3.0	136.4		60.0	100.0	80.0	0	0
06:58	06:57	3.0	136.6		60.0	100.0	80.0	0	0
06:59	06:58	3.0	136.8		60.0	100.0	80.0	0	0
07:00	06:59	3.0	137.0		60.0	100.0	80.0	0	0
07:01	07:00	3.0	137.2		60.0	100.0	80.0	0	0
07:02	07:01	3.0	137.3		60.0	100.0	80.0	0	0
07:03	07:02	3.0	137.5		60.0	85.0	80.0	0	0
07:04	07:03	3.0	137.6		60.0	85.0	80.0	0	0
07:05	07:04	3.0	137.6		60.0	85.0	80.0	0	0
07:06	07:05	3.0	137.8		60.0	85.0	80.0	0	0
07:07	07:06	3.0	137.9		60.0	85.0	80.0	0	0
07:08	07:07	3.0	138.0		60.0	85.0	80.0	0	0
07:09	07:08	3.0	138.1		60.0	85.0	80.0	0	0
07:10	07:09	3.0	138.2		60.0	85.0	80.0	0	0
07:11	07:10	3.0	138.3		60.0	85.0	80.0	0	0
07:12	07:11	3.0	138.3		60.0	85.0	80.0	0	0
07:13	07:12	3.0	138.4		60.0	85.0	80.0	0	0
07:14	07:13	3.0	138.4		60.0	85.0	80.0	0	0
07:15	07:14	3.0	138.6		60.0	85.0	80.0	0	0
07:16	07:15	3.0	138.6		60.0	85.0	80.0	0	0
07:17	07:16	3.0	138.7		60.0	85.0	80.0	0	0
07:18	07:17	3.0	138.8		60.0	85.0	80.0	0	0
07:19	07:18	3.0	138.9		60.0	85.0	80.0	0	0
07:20	07:19	3.0	138.9		60.0	85.0	80.0	0	0
07:21	07:20	3.0	139.1		60.0	85.0	80.0	0	0
07:22	07:21	3.0	139.1		60.0	85.0	80.0	0	0
07:23	07:22	3.0	139.2		60.0	85.0	80.0	0	0
07:24	07:23	3.0	139.3		60.0	85.0	80.0	0	0
07:25	07:24	3.0	139.4		60.0	85.0	80.0	0	0
07:26	07:25	3.0	139.5		60.0	85.0	80.0	0	0
07:27	07:26	3.0	139.6		60.0	85.0	80.0	0	0
07:28	07:27	3.0	139.7		60.0	85.0	80.0	0	0
07:29	07:28	3.0	139.8		60.0	85.0	80.0	0	0
07:30	07:29	3.0	139.9		60.0	85.0	80.0	0	0
07:31	07:30	3.0	140.0		60.0	85.0	80.0	0	0
07:32	07:31	3.0	140.1		60.0	85.0	80.0	0	0
07:33	07:32	3.0	140.3		60.0	85.0	80.0	0	0
07:34	07:33	3.0	140.4		60.0	85.0	80.0	0	0
07:35	07:34	3.0	140.6		60.0	85.0	80.0	0	0
07:36	07:35	3.0	140.7		60.0	85.0	80.0	0	0
07:37	07:36	3.0	140.9		60.0	85.0	80.0	0	0
07:38	07:37	3.0	141.0		60.0	85.0	80.0	0	0
07:39	07:38	3.0	141.2		60.0	85.0	80.0	0	0
07:40	07:39	3.0	141.3		60.0	85.0	80.0	0	0
07:41	07:40	3.0	141.5		60.0	85.0	80.0	0	0
07:42	07:41	3.0	141.6		60.0	85.0	80.0	0	0
07:43	07:42	3.0	141.7		60.0	85.0	80.0	0	0
07:44	07:43	3.0	141.8		60.0	85.0	80.0	0	0
07:45	07:44	3.0	141.8		60.0	85.0	80.0	0	0
07:46	07:45	3.0	141.9		60.0	85.0	80.0	0	0
07:47	07:46	3.0	142.0		60.0	85.0	80.0	0	0
07:48	07:47	3.0	142.0		60.0	85.0	80.0	0	0
07:49	07:48	3.0	142.1		60.0	85.0	80.0	0	0
07:50	07:49	3.0	142.2		60.0	85.0	80.0	0	0
07:51	07:50	3.0	142.3		60.0	85.0	80.0	0	0
07:52	07:51	3.0	142.3		60.0	85.0	80.0	0	0
07:53	07:52	3.0	142.4		60.0	85.0	80.0	0	0
07:54	07:53	3.0	142.5		60.0	85.0	80.0	0	0
07:55	07:54	3.0	142.6		60.0	85.0	80.0	0	0
07:56	07:55	3.0	142.7		60.0	85.0	80.0	0	0
07:57	07:56	3.0	142.8		60.0	85.0	80.0	0	0
07:58	07:57	3.0	142.8		60.0	85.0	80.0	0	0
07:59	07:58	3.0	142.9		60.0	85.0	80.0	0	0
08:00	07:59	3.0	142.9		60.0	85.0	80.0	0	0
08:01	08:00	3.0	143.0		60.0	85.0	80.0	0	0
08:02	08:01	3.0	143.1		60.0	85.0	80.0	0	0
08:03	08:02	3.0	143.2		60.0	85.0	80.0	0	0
08:04	08:03	3.0	143.3		60.0	85.0	80.0	0	0
08:05	08:04	3.0	143.5		60.0	85.0	80.0	0	0
08:06	08:05	3.0	143.6		60.0	85.0	80.0	0	0
08:07	08:06	3.0	143.8		60.0	85.0	80.0	0	0
08:08	08:07	3.0	143.8		60.0	85.0	80.0	0	0
08:09	08:08	3.0	143.9		60.0	85.0	80.0	0	0
08:10	08:09	3.0	144.0		60.0	85.0	80.0	0	0
08:11	08:10	3.0	144.0		60.0	85.0	80.0	0	0
08:12	08:11	3.0	144.0		60.0	85.0	80.0	0	0
08:13	08:12	3.0	144.1		60.0	85.0	80.0	0	0
08:14	08:13	3.0	144.2		60.0	85.0	80.0	0	0
08:15	08:14	3.0	144.4		60.0	85.0	80.0	0	0
08:16	08:15	3.0	144.4		60.0	85.0	80.0	0	0
08:17	08:16	3.0	144.5		60.0	85.0	80.0	0	0
08:18	08:17	3.0	144.6		60.0	85.0	80.0	0	0
08:19	08:18	3.0	144.7		60.0	85.0	80.0	0	0
08:20	08:19	3.0	144.8		60.0	85.0	80.0	0	0
08:21	08:20	3.0	144.8		60.0	85.0	80.0	0	0
08:22	08:21	3.0	144.9		60.0	85.0	80.0	0	0
08:23	08:22	3.0	145.0		60.0	85.0	80.0	0	0
08:24	08:23	3.0	145.1		60.0	85.0	80.0	0	0
08:25	08:24	3.0	145.2		60.0	85.0	80.0	0	0
08:26	08:25	3.0	145.3		60.0	85.0	80.0	0	0
08:27	08:26	3.0	145.3		60.0	85.0	80.0	0	0
08:28	08:27	3.0	145.4		60.0	85.0	80.0	0	0
08:29	08:28	3.0	145.5		60.0	85.0	80.0	0	0
08:30	08:29	3.0	145.6		60.0	85.0	80.0	0	0
08:31	08:30	3.0	145.6		60.0	85.0	80.0	0	0
08:32	08:31	3.0	145.7		60.0	85.0	80.0	0	0
08:33	08:32	3.0	145.8		60.0	85.0	80.0	0	0
08:34	08:33	3.0	145.8		60.0	85.0	80.0	0	0
08:35	08:34	3.0	145.9		60.0	85.0	80.0	0	0
08:36	08:35	3.0	146.0		60.0	85.0	80.0	0	0
08:37	08:36	3.0	146.1		60.0	85.0	80.0	0	0
08:38	08:37	3.0	146.2		60.0	85.0	80.0	0	0
08:39	08:38	3.0	146.3		60.0	85.0	80.0	0	0
08:40	08:39	3.0	146.3		60.0	85.0	80.0	0	0
08:41	08:40	3.0	146.4		60.0	85.0	80.0	0	0
08:42	08:41	3.0	146.5		60.0	85.0	80.0	0	0
08:43	08:42	3.0	146.5		60.0	85.0	80.0	0	0
08:44	08:43	3.0	146.6		60.0	85.0	80.0	0	0
08:45	08:44	3.0	146.7		60.0	85.0	80.0	0	0
08:46	08:45	3.0	146.7		60.0	85.0	80.0	0	0
08:47	08:46	3.0	146.8		60.0	85.0	80.0	0	0
08:48	08:47	3.0	146.8		60.0	85.0	80.0	0	0
08:49	08:48	3.0	146.9		60.0	85.0	80.0	0	0
08:50	08:49	3.0	146.9		60.0	85.0	80.0	0	0
08:51	08:50	3.0	147.0		60.0	85.0	80.0	0	0
08:52	08:51	3.0	147.0		60.0	85.0	80.0	0	0
08:53	08:52	3.0	147.1		60.0	85.0	80.0	0	0
08:54	08:53	3.0	147.1		60.0	85.0	80.0	0	0
08:55	08:54	3.0	147.1		60.0	85.0	80.0	0	0
08:56	08:55	3.0	147.2		60.0	85.0	80.0	0	0
08:57	08:56	3.0	147.3		60.0	85.0	80.0	0	0
08:58	08:57	3.0	147.3		60.0	85.0	80.0	0	0
08:59	08:58	3.0	147.4		60.0	85.0	80.0	0	0
09:00	08:59	3.0	147.4		60.0	85.0	80.0	0	0
09:01	09:00	3.0	147.4		60.0	85.0	80.0	0	0
09:02	09:01	3.0	147.4		60.0	85.0	80.0	0	0
09:03	09:02	3.0	147.5		60.0	85.0	80.0	0	0
09:04	09:03	3.0	147.5		60.0	85.0	80.0	0	0
09:05	09:04	3.0	147.6		60.0	85.0	80.0	0	0
09:06	09:05	3.0	147.6		60.0	85.0	80.0	0	0
09:07	09:06	3.0	147.7		60.0	85.0	80.0	0	0
09:08	09:07	3.0	147.8		60.0	85.0	80.0	0	0
09:09	09:08	3.0	147.9		60.0	85.0	80.0	0	0
09:10	09:09	3.0	147.9		60.0	85.0	80.0	0	0
09:11	09:10	3.0	148.0		60.0	85.0	80.0	0	0
09:12	09:11	3.0	148.1		60.0	85.0	80.0	0	0
09:13	09:12	3.0	148.2		60.0	85.0	80.0	0	0
09:14	09:13	3.0	148.2		60.0	85.0	80.0	0	0
09:15	09:14	3.0	148.3		60.0	85.0	80.0	0	0
09:16	09:15	3.0	148.3		60.0	85.0	80.0	0	0
09:17	09:16	3.0	148.4		60.0	85.0	80.0	0	0
09:18	09:17	3.0	148.4		60.0	85.0	80.0	0	0
09:19	09:18	3.0	148.5		60.0	85.0	80.0	0	0
09:20	09:19	3.0	148.6		60.0	85.0	80.0	0	0
09:21	09:20	3.0	148.6		60.0	85.0	80.0	0	0
09:22	09:21	3.0	148.7		60.0	85.0	80.0	0	0
09:23	09:22	3.0	148.7		60.0	85.0	80.0	0	0
09:24	09:23	3.0	148.8		60.0	85.0	80.0	0	0
09:25	09:24	3.0	148.8		60.0	85.0	80.0	0	0
09:26	09:25	3.0	148.9		60.0	85.0	80.0	0	0
09:27	09:26	3.0	149.0		60.0	85.0	80.0	0	0
09:28	09:27	3.0	149.1		60.0	85.0	80.0	0	0
09:29	09:28	3.0	149.2		60.0	85.0	80.0	0	0
09:30	09:29	3.0	149.2		60.0	85.0	80.0	0	0
09:31	09:30	3.0	149.3		60.0	85.0	80.0	0	0
09:32	09:31	3.0	149.4		60.0	85.0	80.0	0	0
09:33	09:32	3.0	149.5		60.0	85.0	80.0	0	0
09:34	09:33	3.0	149.5		60.0	85.0	80.0	0	0
09:35	09:34	3.0	149.6		60.0	85.0	80.0	0	0
09:36	09:35	3.0	149.7		60.0	85.0	80.0	0	0
09:37	09:36	3.0	149.8		60.0	85.0	80.0	0	0
09:38	09:37	3.0	149.9		60.0	85.0	80.0	0	0
09:39	09:38	3.0	149.9		60.0	85.0	80.0	0	0
09:40	09:39	3.0	150.0		60.0	85.0	80.0	0	0
09:41	09:40	3.0	150.1		60.0	85.0	80.0	0	0
09:42	09:41	3.0	150.2		60.0	85.0	80.0	0	0
09:43	09:42	3.0	150.2		60.0	85.0	80.0	0	0
09:44	09:43	3.0	150.3		60.0	85.0	80.0	0	0
09:45	09:44	3.0	150.4		60.0	85.0	80.0	0	0
09:46	09:45	3.0	150.5		60.0	85.0	80.0	0	0
09:47	09:46	3.0	150.5		60.0	85.0	80.0	0	0
09:48	09:47	3.0	150.6		60.0	85.0	80.0	0	0
09:49	09:48	3.0	150.6		60.0	85.0	80.0	0	0
09:50	09:49	3.0	150.7		60.0	85.0	80.0	0	0
09:51	09:50	3.0	150.8		60.0	85.0	80.0	0	0
09:52	09:51	3.0	150.8		60.0	85.0	80.0	0	0
09:53	09:52	3.0	150.9		60.0	85.0	80.0	0	0
09:54	09:53	3.0	151.0		60.0	85.0	80.0	0	0
09:55	09:54	3.0	151.0		60.0	85.0	80.0	0	0
09:56	09:55	3.0	151.1		60.0	85.0	80.0	0	0
09:57	09:56	3.0	151.1		60.0	85.0	80.0	0	0
09:58	09:57	3.0	151.2		60.0	85.0	80.0	0	0
09:59	09:58	3.0	151.3		60.0	85.0	80.0	0	0
10:00	09:59	3.0	151.4		60.0	85.0	80.0	0	0
10:01	10:00	3.0	151.5		60.0	85.0	80.0	0	0
10:02	10:01	3.0	151.5		60.0	85.0	80.0	0	0
10:03	10:02	3.0	151.6		60.0	85.0	80.0	0	0
10:04	10:03	3.0	151.6		60.0	85.0	80.0	0	0
10:05	10:04	3.0	151.6		60.0	85.0	80.0	0	0
10:06	10:05	3.0	151.7		60.0	85.0	80.0	0	0
10:07	10:06	3.0	151.7		60.0	85.0	80.0	0	0
10:08	10:07	3.0	151.8		60.0	85.0	80.0	0	0
10:09	10:08	3.0	151.8		60.0	85.0	80.0	0	0
10:10	10:09	3.0	151.9		60.0	85.0	80.0	0	0
10:11	10:10	3.0	151.9		60.0	85.0	80.0	0	0
10:12	10:11	3.0	152.0		60.0	85.0	80.0	0	0
10:13	10:12	3.0	152.0		60.0	85.0	80.0	0	0
10:14	10:13	3.0	152.1		60.0	85.0	80.0	0	0
10:15	10:14	3.0	152.2		60.0	85.0	80.0	0	0
10:16	10:15	3.0	152.2		60.0	85.0	80.0	0	0
10:17	10:16	3.0	152.3		60.0	85.0	80.0	0	0
10:18	10:17	3.0	152.3		60.0	85.0	80.0	0	0
10:19	10:18	3.0	152.4		60.0	85.0	80.0	0	0
10:20	10:19	3.0	152.4		60.0	85.0	80.0	0	0
10:21	10:20	3.0	152.5		60.0	85.0	80.0	0	0
10:22	10:21	3.0	152.6		60.0	85.0	80.0	0	0
10:23	10:22	3.0	152.6		60.0	85.0	80.0	0	0
10:24	10:23	3.0	152.7		60.0	85.0	80.0	0	0
10:25	10:24	3.0	152.7		60.0	85.0	80.0	0	0
10:26	10:25	3.0	152.7		60.0	85.0	80.0	0	0
10:27	10:26	3.0	152.8		60.0	85.0	80.0	0	0
10:28	10:27	3.0	152.8		60.0	85.0	80.0	0	0
10:29	10:28	3.0	152.8		60.0	85.0	80.0	0	0
10:30	10:29	3.0	152.9		60.0	85.0	80.0	0	0
10:31	10:30	3.0	153.0		60.0	85.0	80.0	0	0
10:32	10:31	3.0	153.0		60.0	85.0	80.0	0	0
10:33	10:32	3.0	153.1		60.0	85.0	80.0	0	0
10:34	10:33	3.0	153.1		60.0	85.0	80.0	0	0
10:35	10:34	3.0	153.1		60.0	85.0	80.0	0	0
10:36	10:35	3.0	153.2		60.0	85.0	80.0	0	0
10:37	10:36	3.0	153.2		60.0	85.0	80.0	0	0
10:38	10:37	3.0	153.3		60.0	85.0	80.0	0	0
10:39	10:38	3.0	153.3		60.0	85.0	80.0	0	0
10:40	10:39	3.0	153.3		60.0	85.0	80.0	0	0
10:41	10:40	3.0	153.4		60.0	85.0	80.0	0	0
10:42	10:41	3.0	153.4		60.0	85.0	80.0	0	0
10:43	10:42	3.0	153.5		60.0	85.0	80.0	0	0
10:44	10:43	3.0	153.6		60.0	85.0	80.0	0	0
10:45	10:44	3.0	153.6		60.0	85.0	80.0	0	0
10:46	10:45	3.0	153.7		60.0	85.0	80.0	0	0
10:47	10:46	3.0	153.7		60.0	85.0	80.0	0	0
10:48	10:47	3.0	153.8		60.0	85.0	80.0	0	0
10:49	10:48	3.0	153.9		60.0	85.0	80.0	0	0
10:50	10:49	3.0	153.9		60.0	85.0	80.0	0	0
10:51	10:50	3.0	154.0		60.0	85.0	80.0	0	0
10:52	10:51	3.0	154.1		60.0	60.0	80.0	0	0
10:53	10:52	3.0	154.1		60.0	60.0	80.0	0	0
10:54	10:53	3.0	154.2		60.0	60.0	80.0	0	0
10:55	10:54	3.0	154.2		60.0	60.0	80.0	0	0
10:56	10:55	3.0	154.2		60.0	60.0	80.0	0	0
10:57	10:56	3.0	154.2		60.0	60.0	80.0	0	0
10:58	10:57	3.0	154.2		60.0	60.0	80.0	0	0
10:59	10:58	3.0	154.3		60.0	60.0	80.0	0	0
11:00	10:59	3.0	154.3		60.0	60.0	80.0	0	0
11:01	11:00	3.0	154.3		60.0	60.0	80.0	0	0
11:02	11:01	3.0	154.4		60.0	60.0	80.0	0	0
11:03	11:02	3.0	154.4		60.0	60.0	80.0	0	0
11:04	11:03	3.0	154.4		60.0	60.0	80.0	0	0
11:05	11:04	3.0	154.5		60.0	60.0	80.0	0	0
11:06	11:05	3.0	154.5		60.0	60.0	80.0	0	0
11:07	11:06	3.0	154.5		60.0	60.0	80.0	0	0
11:08	11:07	3.0	154.5		60.0	60.0	80.0	0	0
11:09	11:08	3.0	154.5		60.0	60.0	80.0	0	0
11:10	11:09	3.0	154.6		60.0	60.0	80.0	0	0
11:11	11:10	3.0	154.6		60.0	60.0	80.0	0	0
11:12	11:11	3.0	154.7		60.0	60.0	80.0	0	0
11:13	11:12	3.0	154.7		60.0	60.0	80.0	0	0
11:14	11:13	3.0	154.7		60.0	60.0	80.0	0	0
11:15	11:14	3.0	154.7		60.0	60.0	80.0	0	0
11:16	11:15	3.0	154.7		60.0	60.0	80.0	0	0
11:17	11:16	3.0	154.7		60.0	60.0	80.0	0	0
11:18	11:17	3.0	154.8		60.0	60.0	80.0	0	0
11:19	11:18	3.0	154.8		60.0	60.0	80.0	0	0
11:20	11:19	3.0	154.8		60.0	60.0	80.0	0	0
11:21	11:20	3.0	154.8		60.0	60.0	80.0	0	0
11:22	11:21	3.0	154.8		60.0	60.0	80.0	0	0
11:23	11:22	3.0	154.9		60.0	60.0	80.0	0	0
11:24	11:23	3.0	154.9		60.0	60.0	80.0	0	0
11:25	11:24	3.0	154.9		60.0	60.0	80.0	0	0
11:26	11:25	3.0	154.9		60.0	60.0	80.0	0	0
11:27	11:26	3.0	154.9		60.0	60.0	80.0	0	0
11:28	11:27	3.0	154.9		60.0	60.0	80.0	0	0
11:29	11:28	3.0	154.9		60.0	60.0	80.0	0	0
11:30	11:29	3.0	154.9		60.0	60.0	80.0	0	0
11:31	11:30	3.0	154.9		60.0	60.0	80.0	0	0
11:32	11:31	3.0	154.9		60.0	60.0	80.0	0	0
11:33	11:32	3.0	155.0		60.0	60.0	80.0	0	0
11:34	11:33	3.0	155.1	DRY End	60.0	60.0	80.0	0	0
11:35	11:34	3.0	155.1		60.0	60.0	80.0	0	0
11:36	11:35	3.0	155.2		60.0	60.0	80.0	0	0
11:37	11:36	3.0	155.2		60.0	60.0	80.0	0	0
11:38	11:37	3.0	155.3		60.0	60.0	80.0	0	0
11:39	11:38	3.0	155.3		60.0	60.0	80.0	0	0
11:40	11:39	3.0	155.4		60.0	60.0	80.0	0	0
11:41	11:40	3.0	155.5		60.0	60.0	80.0	0	0
11:42	11:41	3.0	155.5		60.0	60.0	80.0	0	0
11:43	11:42	3.0	155.6		60.0	60.0	80.0	0	0
11:44	11:43	3.0	155.6		60.0	60.0	80.0	0	0
11:45	11:44	3.0	155.7		60.0	60.0	80.0	0	0
11:46	11:45	3.0	155.8		60.0	60.0	80.0	0	0
11:47	11:46	3.0	156.0		60.0	60.0	80.0	0	0
11:48	11:47	3.0	156.0		60.0	45.0	80.0	0	0
11:49	11:48	3.0	156.1		60.0	45.0	80.0	0	0
11:50	11:49	3.0	156.1		60.0	45.0	80.0	0	0
11:51	11:50	3.0	156.2		60.0	45.0	80.0	0	0
11:52	11:51	3.0	156.2		60.0	45.0	80.0	0	0
11:53	11:52	3.0	156.2		60.0	45.0	80.0	0	0
11:54	11:53	3.0	156.2		60.0	45.0	80.0	0	0
11:55	11:54	3.0	156.3		60.0	45.0	80.0	0	0
11:56	11:55	3.0	156.3		60.0	45.0	80.0	0	0
11:57	11:56	3.0	156.3		60.0	45.0	80.0	0	0
11:58	11:57	3.0	156.4		60.0	45.0	80.0	0	0
11:59	11:58	3.0	156.4		60.0	45.0	80.0	0	0
12:00	11:59	3.0	156.4		60.0	45.0	80.0	0	0
12:01	12:00	3.0	156.5		60.0	45.0	80.0	0	0
12:02	12:01	3.0	156.5		60.0	45.0	80.0	0	0
12:03	12:02	3.0	156.6		60.0	45.0	80.0	0	0
12:04	12:03	3.0	156.6		60.0	45.0	80.0	0	0
12:05	12:04	3.0	156.7		60.0	45.0	80.0	0	0
12:06	12:05	3.0	156.7		60.0	45.0	80.0	0	0
12:07	12:06	3.0	156.8		60.0	45.0	80.0	0	0
12:08	12:07	3.0	156.8		60.0	45.0	80.0	0	0
12:09	12:08	3.0	156.9		60.0	45.0	80.0	0	0
12:10	12:09	3.0	156.9		60.0	45.0	80.0	0	0
12:11	12:10	3.0	157.0		60.0	45.0	80.0	0	0
12:12	12:11	3.0	157.1		60.0	45.0	80.0	0	0
12:13	12:12	3.0	157.1		60.0	45.0	80.0	0	0
12:14	12:13	3.0	157.2		60.0	45.0	80.0	0	0
12:15	12:14	3.0	157.2		60.0	45.0	80.0	0	0
12:16	12:15	3.0	157.3		60.0	45.0	80.0	0	0
12:17	12:16	3.0	157.3		60.0	45.0	80.0	0	0
12:18	12:17	3.0	157.4		60.0	45.0	80.0	0	0
12:19	12:18	3.0	157.4		60.0	45.0	80.0	0	0
12:20	12:19	3.0	157.5		60.0	45.0	80.0	0	0
12:21	12:20	3.0	157.6		60.0	45.0	80.0	0	0
12:22	12:21	3.0	157.6		60.0	45.0	80.0	0	0
12:23	12:22	3.0	157.7		60.0	45.0	80.0	0	0
12:24	12:23	3.0	157.7		60.0	45.0	80.0	0	0
12:25	12:24	3.0	157.8		60.0	45.0	80.0	0	0
12:26	12:25	3.0	157.9		60.0	45.0	80.0	0	0
12:27	12:26	3.0	158.0		60.0	45.0	80.0	0	0
12:28	12:27	3.0	158.0		60.0	45.0	80.0	0	0
12:29	12:28	3.0	158.1		60.0	45.0	80.0	0	0
12:30	12:29	3.0	158.2		60.0	45.0	80.0	0	0
12:31	12:30	3.0	158.3		60.0	45.0	80.0	0	0
12:32	12:31	3.0	158.4		60.0	45.0	80.0	0	0
12:33	12:32	3.0	158.4		60.0	45.0	80.0	0	0
12:34	12:33	3.0	158.4		60.0	45.0	80.0	0	0
12:35	12:34	3.0	158.5		60.0	45.0	80.0	0	0
12:36	12:35	3.0	158.6		60.0	45.0	80.0	0	0
12:37	12:36	3.0	158.7		60.0	45.0	80.0	0	0
12:38	12:37	3.0	158.7		60.0	45.0	80.0	0	0
12:39	12:38	3.0	158.7		60.0	45.0	80.0	0	0
12:40	12:39	3.0	158.8		60.0	45.0	80.0	0	0
12:41	12:40	3.0	158.9		60.0	45.0	80.0	0	0
12:42	12:41	3.0	158.9		60.0	45.0	80.0	0	0
12:43	12:42	3.0	158.9		60.0	45.0	80.0	0	0
12:44	12:43	3.0	159.0		60.0	45.0	80.0	0	0
12:45	12:44	3.0	159.0		60.0	45.0	80.0	0	0
12:46	12:45	3.0	159.1		60.0	45.0	80.0	0	0
12:47	12:46	3.0	159.1		60.0	45.0	80.0	0	0
12:48	12:47	3.0	159.2		60.0	45.0	80.0	0	0
12:49	12:48	3.0	159.3		60.0	45.0	80.0	0	0
12:50	12:49	3.0	159.3		60.0	45.0	80.0	0	0
12:51	12:50	3.0	159.4		60.0	45.0	80.0	0	0
12:52	12:51	3.0	159.4		60.0	45.0	80.0	0	0
12:53	12:52	3.0	159.5		60.0	45.0	80.0	0	0
12:54	12:53	3.0	159.5		60.0	45.0	80.0	0	0
12:55	12:54	3.0	159.6		60.0	45.0	80.0	0	0
12:56	12:55	3.0	159.6		60.0	45.0	80.0	0	0
12:57	12:56	3.0	159.7		60.0	45.0	80.0	0	0
12:58	12:57	3.0	159.7		60.0	45.0	80.0	0	0
12:59	12:58	3.0	159.7		60.0	45.0	80.0	0	0
13:00	12:59	3.0	159.8		60.0	45.0	80.0	0	0
13:01	13:00	3.0	159.9		60.0	45.0	80.0	0	0
13:02	13:01	3.0	159.9		60.0	45.0	80.0	0	0
13:03	13:02	3.0	159.9		60.0	45.0	80.0	0	0
13:04	13:03	3.0	160.0		60.0	45.0	80.0	0	0
13:05	13:04	3.0	160.0		60.0	45.0	80.0	0	0
13:06	13:05	3.0	160.0		60.0	45.0	80.0	0	0
13:07	13:06	3.0	160.1		60.0	45.0	80.0	0	0
13:08	13:07	3.0	160.1		60.0	45.0	80.0	0	0
13:09	13:08	3.0	160.1		60.0	45.0	80.0	0	0
13:10	13:09	3.0	160.2		60.0	45.0	80.0	0	0
13:11	13:10	3.0	160.3		60.0	45.0	80.0	0	0
13:12	13:11	3.0	160.3		60.0	45.0	80.0	0	0
13:13	13:12	3.0	160.4		60.0	45.0	80.0	0	0
13:14	13:13	3.0	160.4		60.0	45.0	80.0	0	0
13:15	13:14	3.0	160.4		60.0	45.0	80.0	0	0
13:16	13:15	3.0	160.4		60.0	45.0	80.0	0	0
13:17	13:16	3.0	160.4		60.0	45.0	80.0	0	0
13:18	13:17	3.0	160.5		60.0	45.0	80.0	0	0
13:19	13:18	3.0	160.6		60.0	45.0	80.0	0	0
13:20	13:19	3.0	160.6		60.0	45.0	80.0	0	0
13:21	13:20	3.0	160.6		60.0	45.0	80.0	0	0
13:22	13:21	3.0	160.6		60.0	45.0	80.0	0	0
13:23	13:22	3.0	160.7		60.0	45.0	80.0	0	0
13:24	13:23	3.0	160.7		60.0	45.0	80.0	0	0
13:25	13:24	3.0	160.8		60.0	45.0	80.0	0	0
13:26	13:25	3.0	160.8		60.0	45.0	80.0	0	0
13:27	13:26	3.0	160.9		60.0	45.0	80.0	0	0
13:28	13:27	3.0	161.0		60.0	45.0	80.0	0	0
13:29	13:28	3.0	161.0		60.0	45.0	80.0	0	0
13:30	13:29	3.0	161.1		60.0	45.0	80.0	0	0
13:31	13:30	3.0	161.2		60.0	45.0	80.0	0	0
13:32	13:31	3.0	161.3		60.0	45.0	80.0	0	0
13:33	13:32	3.0	161.4		60.0	45.0	80.0	0	0
13:34	13:33	3.0	161.5		60.0	45.0	80.0	0	0
13:35	13:34	3.0	161.5		60.0	45.0	80.0	0	0
13:36	13:35	3.0	161.6		60.0	45.0	80.0	0	0
13:37	13:36	3.0	161.7		60.0	45.0	80.0	0	0
13:38	13:37	3.0	161.8		60.0	45.0	80.0	0	0
13:39	13:38	3.0	161.8		60.0	45.0	80.0	0	0
13:40	13:39	3.0	161.9		60.0	45.0	80.0	0	0
13:41	13:40	3.0	161.9		60.0	45.0	80.0	0	0
13:42	13:41	3.0	162.0		60.0	45.0	80.0	0	0
13:43	13:42	3.0	162.0		60.0	45.0	80.0	0	0
13:44	13:43	3.0	162.1		60.0	45.0	80.0	0	0
13:45	13:44	3.0	162.1		60.0	45.0	80.0	0	0
13:46	13:45	3.0	162.2		60.0	45.0	80.0	0	0
13:47	13:46	3.0	162.3		60.0	45.0	80.0	0	0
13:48	13:47	3.0	162.3		60.0	45.0	80.0	0	0
13:49	13:48	3.0	162.4		60.0	45.0	80.0	0	0
13:50	13:49	3.0	162.4		60.0	45.0	80.0	0	0
13:51	13:50	3.0	162.5		60.0	45.0	80.0	0	0
13:52	13:51	3.0	162.6		60.0	45.0	80.0	0	0
13:53	13:52	3.0	162.7		60.0	45.0	80.0	0	0
13:54	13:53	3.0	162.8		60.0	45.0	80.0	0	0
13:55	13:54	3.0	162.8		60.0	45.0	80.0	0	0
13:56	13:55	3.0	162.9		60.0	45.0	80.0	0	0
13:57	13:56	3.0	163.0		60.0	45.0	80.0	0	0
13:58	13:57	3.0	163.0		60.0	45.0	80.0	0	0
13:59	13:58	3.0	163.1		60.0	45.0	80.0	0	0
14:00	13:59	3.0	163.1		60.0	45.0	80.0	0	0
14:01	14:00	3.0	163.2		60.0	45.0	80.0	0	0
14:02	14:01	3.0	163.2		60.0	45.0	80.0	0	0
14:03	14:02	3.0	163.3		60.0	45.0	80.0	0	0
14:04	14:03	3.0	163.3		60.0	45.0	80.0	0	0
14:05	14:04	3.0	163.4		60.0	45.0	80.0	0	0
14:06	14:05	3.0	163.4		60.0	45.0	80.0	0	0
14:07	14:06	3.0	163.5		60.0	45.0	80.0	0	0
14:08	14:07	3.0	163.5		60.0	45.0	80.0	0	0
14:09	14:08	3.0	163.6		60.0	45.0	80.0	0	0
14:10	14:09	3.0	163.7		60.0	45.0	80.0	0	0
14:11	14:10	3.0	163.7		60.0	45.0	80.0	0	0
14:12	14:11	3.0	163.8		60.0	45.0	80.0	0	0
14:13	14:12	3.0	163.8		60.0	45.0	80.0	0	0
14:14	14:13	3.0	163.9		60.0	45.0	80.0	0	0
14:15	14:14	3.0	164.0		60.0	45.0	80.0	0	0
14:16	14:15	3.0	164.0		60.0	45.0	80.0	0	0
14:17	14:16	3.0	164.1		60.0	45.0	80.0	0	0
14:18	14:17	3.0	164.2		60.0	45.0	80.0	0	0
14:19	14:18	3.0	164.3		60.0	45.0	80.0	0	0
14:20	14:19	3.0	164.3		60.0	45.0	80.0	0	0
14:21	14:20	3.0	164.4		60.0	45.0	80.0	0	0
14:22	14:21	3.0	164.5		60.0	45.0	80.0	0	0
14:23	14:22	3.0	164.6		60.0	45.0	80.0	0	0
14:24	14:23	3.0	164.6		60.0	45.0	80.0	0	0
14:25	14:24	3.0	164.7		60.0	45.0	80.0	0	0
14:26	14:25	3.0	164.8		60.0	45.0	80.0	0	0
14:27	14:26	3.0	164.9		60.0	45.0	80.0	0	0
14:28	14:27	3.0	165.0		60.0	45.0	80.0	0	0
14:29	14:28	3.0	165.0		60.0	45.0	80.0	0	0
14:30	14:29	3.0	165.2		60.0	45.0	80.0	0	0
14:31	14:30	3.0	165.3		60.0	45.0	80.0	0	0
14:32	14:31	3.0	165.4		60.0	45.0	80.0	0	0
14:33	14:32	3.0	165.5		60.0	45.0	80.0	0	0
14:34	14:33	3.0	165.6		60.0	45.0	80.0	0	0
14:35	14:34	3.0	165.7		60.0	45.0	80.0	0	0
14:36	14:35	3.0	165.8		60.0	45.0	80.0	0	0
14:37	14:36	3.0	165.8		60.0	45.0	80.0	0	0
14:38	14:37	3.0	165.9		60.0	45.0	80.0	0	0
14:39	14:38	3.0	166.0		60.0	45.0	80.0	0	0
14:40	14:39	3.0	166.1		60.0	45.0	80.0	0	0
14:41	14:40	3.0	166.1		60.0	45.0	80.0	0	0
14:42	14:41	3.0	166.2		60.0	45.0	80.0	0	0
14:43	14:42	3.0	166.3		60.0	45.0	80.0	0	0
14:44	14:43	3.0	166.3		60.0	45.0	80.0	0	0
14:45	14:44	3.0	166.4		60.0	45.0	80.0	0	0
14:46	14:45	3.0	166.4		60.0	45.0	80.0	0	0
14:47	14:46	3.0	166.5		60.0	45.0	80.0	0	0
14:48	14:47	3.0	166.6		60.0	45.0	80.0	0	0
14:49	14:48	3.0	166.6		60.0	45.0	80.0	0	0
14:50	14:49	3.0	166.7		60.0	45.0	80.0	0	0
14:51	14:50	3.0	166.8		60.0	45.0	80.0	0	0
14:52	14:51	3.0	166.8		60.0	45.0	80.0	0	0
14:53	14:52	3.0	166.8		60.0	45.0	80.0	0	0
14:54	14:53	3.0	166.8		60.0	45.0	80.0	0	0
14:55	14:54	3.0	166.8		60.0	45.0	80.0	0	0
14:56	14:55	3.0	166.9		60.0	45.0	80.0	0	0
14:57	14:56	3.0	166.9		60.0	45.0	80.0	0	0
14:58	14:57	3.0	166.9		60.0	45.0	80.0	0	0
14:59	14:58	3.0	167.0		60.0	45.0	80.0	0	0
15:00	14:59	3.0	167.0		60.0	45.0	80.0	0	0
15:01	15:00	3.0	167.1		60.0	45.0	80.0	0	0
15:02	15:01	3.0	167.1		60.0	45.0	80.0	0	0
15:03	15:02	3.0	167.2		60.0	45.0	80.0	0	0
15:04	15:03	3.0	167.2		60.0	45.0	80.0	0	0
15:05	15:04	3.0	167.3		60.0	45.0	80.0	0	0
15:06	15:05	3.0	167.3		60.0	45.0	80.0	0	0
15:07	15:06	3.0	167.4		60.0	45.0	80.0	0	0
15:08	15:07	3.0	167.5		60.0	45.0	80.0	0	0
15:09	15:08	3.0	167.5		60.0	45.0	80.0	0	0
15:10	15:09	3.0	167.6		60.0	45.0	80.0	0	0
15:11	15:10	3.0	167.7		60.0	45.0	80.0	0	0
15:12	15:11	3.0	167.7		60.0	45.0	80.0	0	0
15:13	15:12	3.0	167.8		60.0	45.0	80.0	0	0
15:14	15:13	3.0	167.9		60.0	45.0	80.0	0	0
15:15	15:14	3.0	167.9		60.0	45.0	80.0	0	0
15:16	15:15	3.0	168.0		60.0	45.0	80.0	0	0
15:17	15:16	3.0	168.1		60.0	45.0	80.0	0	0
15:18	15:17	3.0	168.1		60.0	45.0	80.0	0	0
15:19	15:18	3.0	168.1		60.0	45.0	80.0	0	0
15:20	15:19	3.0	168.2		60.0	45.0	80.0	0	0
15:21	15:20	3.0	168.2		60.0	45.0	80.0	0	0
15:22	15:21	3.0	168.3		60.0	45.0	80.0	0	0
15:23	15:22	3.0	168.4		60.0	45.0	80.0	0	0
15:24	15:23	3.0	168.5		60.0	45.0	80.0	0	0
15:25	15:24	3.0	168.5		60.0	45.0	80.0	0	0
15:26	15:25	3.0	168.6		60.0	45.0	80.0	0	0
15:27	15:26	3.0	168.7		60.0	45.0	80.0	0	0
15:28	15:27	3.0	168.8		60.0	45.0	80.0	0	0
15:29	15:28	3.0	168.9		60.0	45.0	80.0	0	0
15:30	15:29	3.0	168.9		60.0	45.0	80.0	0	0
15:31	15:30	3.0	169.0		60.0	45.0	80.0	0	0
15:32	15:31	3.0	169.1		60.0	45.0	80.0	0	0
15:33	15:32	3.0	169.1		60.0	45.0	80.0	0	0
15:34	15:33	3.0	169.2		60.0	45.0	80.0	0	0
15:35	15:34	3.0	169.2		60.0	45.0	80.0	0	0
15:36	15:35	3.0	169.3		60.0	45.0	80.0	0	0
15:37	15:36	3.0	169.3		60.0	45.0	80.0	0	0
15:38	15:37	3.0	169.4		60.0	45.0	80.0	0	0
15:39	15:38	3.0	169.4		60.0	45.0	80.0	0	0
15:40	15:39	3.0	169.5		60.0	45.0	80.0	0	0
15:41	15:40	3.0	169.5		60.0	45.0	80.0	0	0
15:42	15:41	3.0	169.6		60.0	45.0	80.0	0	0
15:43	15:42	3.0	169.6		60.0	45.0	80.0	0	0
15:44	15:43	3.0	169.6		60.0	45.0	80.0	0	0
15:45	15:44	3.0	169.6		60.0	45.0	80.0	0	0
15:46	15:45	3.0	169.7		60.0	45.0	80.0	0	0
15:47	15:46	3.0	169.7		60.0	45.0	80.0	0	0
15:48	15:47	3.0	169.8		60.0	45.0	80.0	0	0
15:49	15:48	3.0	169.8		60.0	45.0	80.0	0	0
15:50	15:49	3.0	169.9		60.0	45.0	80.0	0	0
15:51	15:50	3.0	169.9		60.0	45.0	80.0	0	0
15:52	15:51	3.0	170.0		60.0	45.0	80.0	0	0
15:53	15:52	3.0	170.1		60.0	45.0	80.0	0	0
15:54	15:53	3.0	170.1		60.0	45.0	80.0	0	0
15:55	15:54	3.0	170.2		60.0	45.0	80.0	0	0
15:56	15:55	3.0	170.2		60.0	45.0	80.0	0	0
15:57	15:56	3.0	170.3		60.0	45.0	80.0	0	0
15:58	15:57	3.0	170.3		60.0	45.0	80.0	0	0
15:59	15:58	3.0	170.4		60.0	45.0	80.0	0	0
16:00	15:59	3.0	170.5		60.0	45.0	80.0	0	0
16:01	16:00	3.0	170.5		60.0	45.0	80.0	0	0
16:02	16:01	3.0	170.6		60.0	45.0	80.0	0	0
16:03	16:02	3.0	170.7		60.0	45.0	80.0	0	0
16:04	16:03	3.0	170.7		60.0	45.0	80.0	0	0
16:05	16:04	3.0	170.7		60.0	45.0	80.0	0	0
16:06	16:05	3.0	170.8		60.0	45.0	80.0	0	0
16:07	16:06	3.0	170.9		60.0	45.0	80.0	0	0
16:08	16:07	3.0	170.9		60.0	45.0	80.0	0	0
16:09	16:08	3.0	171.0		60.0	45.0	80.0	0	0
16:10	16:09	3.0	171.0		60.0	45.0	80.0	0	0
16:11	16:10	3.0	171.1		60.0	45.0	80.0	0	0
16:12	16:11	3.0	171.2		60.0	45.0	80.0	0	0
16:13	16:12	3.0	171.2		60.0	45.0	80.0	0	0
16:14	16:13	3.0	171.2		60.0	45.0	80.0	0	0
16:15	16:14	3.0	171.4		60.0	45.0	80.0	0	0
16:16	16:15	3.0	171.4		60.0	45.0	80.0	0	0
16:17	16:16	3.0	171.4		60.0	45.0	80.0	0	0
16:18	16:17	3.0	171.5		60.0	45.0	80.0	0	0
16:19	16:18	3.0	171.6		60.0	45.0	80.0	0	0
16:20	16:19	3.0	171.6		60.0	45.0	80.0	0	0
16:21	16:20	3.0	171.7		60.0	45.0	80.0	0	0
16:22	16:21	3.0	171.7		60.0	45.0	80.0	0	0
16:23	16:22	3.0	171.8		60.0	45.0	80.0	0	0
16:24	16:23	3.0	171.8		60.0	45.0	80.0	0	0
16:25	16:24	3.0	171.9		60.0	45.0	80.0	0	0
16:26	16:25	3.0	171.9		60.0	45.0	80.0	0	0
16:27	16:26	3.0	172.0		60.0	45.0	80.0	0	0
16:28	16:27	3.0	172.1		60.0	45.0	80.0	0	0
16:29	16:28	3.0	172.1		60.0	45.0	80.0	0	0
16:30	16:29	3.0	172.2		60.0	45.0	80.0	0	0
16:31	16:30	3.0	172.3		60.0	45.0	80.0	0	0
16:32	16:31	3.0	172.3		60.0	45.0	80.0	0	0
16:33	16:32	3.0	172.3		60.0	45.0	80.0	0	0
16:34	16:33	3.0	172.3		60.0	45.0	80.0	0	0
16:35	16:34	3.0	172.3		60.0	45.0	80.0	0	0
16:36	16:35	3.0	172.3		60.0	45.0	80.0	0	0
16:37	16:36	3.0	172.4		60.0	45.0	80.0	0	0
16:38	16:37	3.0	172.4		60.0	45.0	80.0	0	0
16:39	16:38	3.0	172.4		60.0	45.0	80.0	0	0
16:40	16:39	3.0	172.4		60.0	45.0	80.0	0	0
16:41	16:40	3.0	172.5		60.0	45.0	80.0	0	0
16:42	16:41	3.0	172.6		60.0	45.0	80.0	0	0
16:43	16:42	3.0	172.6		60.0	45.0	80.0	0	0
16:44	16:43	3.0	172.7		60.0	45.0	80.0	0	0
16:45	16:44	3.0	172.7		60.0	45.0	80.0	0	0
16:46	16:45	3.0	172.8		60.0	45.0	80.0	0	0
16:47	16:46	3.0	172.9		60.0	45.0	80.0	0	0
16:48	16:47	3.0	172.9		60.0	45.0	80.0	0	0
16:49	16:48	3.0	173.0		60.0	45.0	80.0	0	0
16:50	16:49	3.0	173.0		60.0	45.0	80.0	0	0
16:51	16:50	3.0	173.0		60.0	45.0	80.0	0	0
16:52	16:51	3.0	173.1		60.0	45.0	80.0	0	0
16:53	16:52	3.0	173.1		60.0	45.0	80.0	0	0
16:54	16:53	3.0	173.1		60.0	45.0	80.0	0	0
16:55	16:54	3.0	173.2		60.0	45.0	80.0	0	0
16:56	16:55	3.0	173.3		60.0	45.0	80.0	0	0
16:57	16:56	3.0	173.3		60.0	45.0	80.0	0	0
16:58	16:57	3.0	173.3		60.0	45.0	80.0	0	0
16:59	16:58	3.0	173.3		60.0	45.0	80.0	0	0
17:00	16:59	3.0	173.3		60.0	45.0	80.0	0	0
17:01	17:00	3.0	173.3		60.0	45.0	80.0	0	0
17:02	17:01	3.0	173.4		60.0	45.0	80.0	0	0
17:03	17:02	3.0	173.4		60.0	45.0	80.0	0	0
17:04	17:03	3.0	173.4		60.0	45.0	80.0	0	0
17:05	17:04	3.0	173.4		60.0	45.0	80.0	0	0
17:06	17:05	3.0	173.4		60.0	45.0	80.0	0	0
17:07	17:06	3.0	173.4		60.0	45.0	80.0	0	0
17:08	17:07	3.0	173.4		60.0	45.0	80.0	0	0
17:09	17:08	3.0	173.4		60.0	45.0	80.0	0	0
17:10	17:09	3.0	173.5		60.0	45.0	80.0	0	0
17:11	17:10	3.0	173.6		60.0	45.0	80.0	0	0
17:12	17:11	3.0	173.6		60.0	45.0	80.0	0	0
17:13	17:12	3.0	173.7		60.0	45.0	80.0	0	0
17:14	17:13	3.0	173.8		60.0	45.0	80.0	0	0
17:15	17:14	3.0	173.9		60.0	45.0	80.0	0	0
17:16	17:15	3.0	174.0		60.0	45.0	80.0	0	0
17:17	17:16	3.0	174.0		60.0	45.0	80.0	0	0
17:18	17:17	3.0	174.1		60.0	45.0	80.0	0	0
17:19	17:18	3.0	174.2		60.0	45.0	80.0	0	0
17:20	17:19	3.0	174.3		60.0	45.0	80.0	0	0
17:21	17:20	3.0	174.4		60.0	45.0	80.0	0	0
17:22	17:21	3.0	174.5		60.0	45.0	80.0	0	0
17:23	17:22	3.0	174.6		60.0	45.0	80.0	0	0
17:24	17:23	3.0	174.7		60.0	45.0	80.0	0	0
17:25	17:24	3.0	174.7		60.0	45.0	80.0	0	0
17:26	17:25	3.0	174.8		60.0	45.0	80.0	0	0
17:27	17:26	3.0	174.9		60.0	45.0	80.0	0	0
17:28	17:27	3.0	175.0		60.0	45.0	80.0	0	0
17:29	17:28	3.0	175.0		60.0	45.0	80.0	0	0
17:30	17:29	3.0	175.1		60.0	45.0	80.0	0	0
17:31	17:30	3.0	175.2		60.0	45.0	80.0	0	0
17:32	17:31	3.0	175.3		60.0	45.0	80.0	0	0
17:33	17:32	3.0	175.4		60.0	45.0	80.0	0	0
17:34	17:33	3.0	175.5		60.0	45.0	80.0	0	0
17:35	17:34	3.0	175.6		60.0	45.0	80.0	0	0
17:36	17:35	3.0	175.6		60.0	45.0	80.0	0	0
17:37	17:36	3.0	175.7		60.0	45.0	80.0	0	0
17:38	17:37	3.0	175.8		60.0	45.0	80.0	0	0
17:39	17:38	3.0	175.9		60.0	45.0	80.0	0	0
17:40	17:39	3.0	175.9		60.0	45.0	80.0	0	0
17:41	17:40	3.0	175.9		60.0	45.0	80.0	0	0
17:42	17:41	3.0	175.9		60.0	45.0	80.0	0	0
17:43	17:42	3.0	176.0		60.0	45.0	80.0	0	0
17:44	17:43	3.0	176.1		60.0	45.0	80.0	0	0
17:45	17:44	3.0	176.1		60.0	45.0	80.0	0	0
17:46	17:45	3.0	176.3		60.0	45.0	80.0	0	0
17:47	17:46	3.0	176.4		60.0	45.0	80.0	0	0
17:48	17:47	3.0	176.4		60.0	45.0	80.0	0	0
17:49	17:48	3.0	176.6		60.0	45.0	80.0	0	0
17:50	17:49	3.0	176.7		60.0	45.0	80.0	0	0
17:51	17:50	3.0	176.8		60.0	45.0	80.0	0	0
17:52	17:51	3.0	176.9		60.0	45.0	80.0	0	0
17:53	17:52	3.0	176.9		60.0	45.0	80.0	0	0
17:54	17:53	3.0	177.0		60.0	45.0	80.0	0	0
17:55	17:54	3.0	177.0		60.0	45.0	80.0	0	0
17:56	17:55	3.0	177.1		60.0	45.0	80.0	0	0
17:57	17:56	3.0	177.2		60.0	45.0	80.0	0	0
17:58	17:57	3.0	177.3		60.0	45.0	80.0	0	0
17:59	17:58	3.0	177.4		60.0	45.0	80.0	0	0
18:00	17:59	3.0	177.5		60.0	45.0	80.0	0	0
18:01	18:00	3.0	177.5		60.0	45.0	80.0	0	0
18:02	18:01	3.0	177.6		60.0	45.0	80.0	0	0
18:03	18:02	3.0	177.6		60.0	45.0	80.0	0	0
18:04	18:03	3.0	177.7		60.0	45.0	80.0	0	0
18:05	18:04	3.0	177.7		60.0	45.0	80.0	0	0
18:06	18:05	3.0	177.8		60.0	45.0	80.0	0	0
18:07	18:06	3.0	177.9		60.0	45.0	80.0	0	0
18:08	18:07	3.0	178.0		60.0	45.0	80.0	0	0
18:09	18:08	3.0	178.0		60.0	45.0	80.0	0	0
18:10	18:09	3.0	178.0		60.0	45.0	80.0	0	0
18:11	18:10	3.0	178.1		60.0	45.0	80.0	0	0
18:12	18:11	3.0	178.1		60.0	45.0	80.0	0	0
18:13	18:12	3.0	178.1		60.0	45.0	80.0	0	0
18:14	18:13	3.0	178.2		60.0	45.0	80.0	0	0
18:15	18:14	3.0	178.2		60.0	45.0	80.0	0	0
18:16	18:15	3.0	178.3		60.0	45.0	80.0	0	0
18:17	18:16	3.0	178.3		60.0	45.0	80.0	0	0
18:18	18:17	3.0	178.4		60.0	45.0	80.0	0	0
18:19	18:18	3.0	178.5		60.0	45.0	80.0	0	0
18:20	18:19	3.0	178.5		60.0	45.0	80.0	0	0
18:21	18:20	3.0	178.6		60.0	45.0	80.0	0	0
18:22	18:21	3.0	178.6		60.0	45.0	80.0	0	0
18:23	18:22	3.0	178.6		60.0	45.0	80.0	0	0
18:24	18:23	3.0	178.7		60.0	45.0	80.0	0	0
18:25	18:24	3.0	178.8		60.0	45.0	80.0	0	0
18:26	18:25	3.0	178.9		60.0	45.0	80.0	0	0
18:27	18:26	3.0	178.9		60.0	45.0	80.0	0	0
18:28	18:27	3.0	179.0		60.0	45.0	80.0	0	0
18:29	18:28	3.0	179.0		60.0	45.0	80.0	0	0
18:30	18:29	3.0	179.0		60.0	45.0	80.0	0	0
18:31	18:30	3.0	179.1		60.0	45.0	80.0	0	0
18:32	18:31	3.0	179.1		60.0	45.0	80.0	0	0
18:33	18:32	3.0	179.1		60.0	45.0	80.0	0	0
18:34	18:33	3.0	179.1		60.0	45.0	80.0	0	0
18:35	18:34	3.0	179.2		60.0	45.0	80.0	0	0
18:36	18:35	3.0	179.3		60.0	45.0	80.0	0	0
18:37	18:36	3.0	179.3		60.0	45.0	80.0	0	0
18:38	18:37	3.0	179.4		60.0	45.0	80.0	0	0
18:39	18:38	3.0	179.4		60.0	45.0	80.0	0	0
18:40	18:39	3.0	179.5		60.0	45.0	80.0	0	0
18:41	18:40	3.0	179.5		60.0	45.0	80.0	0	0
18:42	18:41	3.0	179.6		60.0	45.0	80.0	0	0
18:43	18:42	3.0	179.6		60.0	45.0	80.0	0	0
18:44	18:43	3.0	179.6		60.0	45.0	80.0	0	0
18:45	18:44	3.0	179.6		60.0	45.0	80.0	0	0
18:46	18:45	3.0	179.6		60.0	45.0	80.0	0	0
18:47	18:46	3.0	179.6		60.0	45.0	80.0	0	0
18:48	18:47	3.0	179.6		60.0	45.0	80.0	0	0
18:49	18:48	3.0	179.6		60.0	45.0	80.0	0	0
18:50	18:49	3.0	179.6		60.0	45.0	80.0	0	0
18:51	18:50	3.0	179.7		60.0	45.0	80.0	0	0
18:52	18:51	3.0	179.8		60.0	45.0	80.0	0	0
18:53	18:52	3.0	179.8		60.0	45.0	80.0	0	0
18:54	18:53	3.0	179.9		60.0	45.0	80.0	0	0
18:55	18:54	3.0	180.0		60.0	45.0	80.0	0	0
18:56	18:55	3.0	180.1		60.0	45.0	80.0	0	0
18:57	18:56	3.0	180.2		60.0	45.0	80.0	0	0
18:58	18:57	3.0	180.3		60.0	45.0	80.0	0	0
18:59	18:58	3.0	180.4		60.0	45.0	80.0	0	0
19:00	18:59	3.0	180.4		60.0	45.0	80.0	0	0
19:01	19:00	3.0	180.5		60.0	45.0	80.0	0	0
19:02	19:01	2.9	180.5		60.0	45.0	80.0	0	0
19:03	19:02	2.9	180.6		60.0	45.0	80.0	0	0
19:04	19:03	2.9	180.7		60.0	45.0	80.0	0	0
19:05	19:04	2.9	180.8		60.0	45.0	80.0	0	0
19:06	19:05	2.9	180.9		60.0	45.0	80.0	0	0
19:07	19:06	2.9	180.9		60.0	45.0	80.0	0	0
19:08	19:07	2.9	181.0		60.0	45.0	80.0	0	0
19:09	19:08	2.9	181.1		60.0	45.0	80.0	0	0
19:10	19:09	2.9	181.2		60.0	45.0	80.0	0	0
19:11	19:10	2.9	181.3		60.0	45.0	80.0	0	0
19:12	19:11	2.9	181.4		60.0	45.0	80.0	0	0
19:13	19:12	2.9	181.4		60.0	45.0	80.0	0	0
19:14	19:13	2.9	181.5		60.0	45.0	80.0	0	0
19:15	19:14	2.9	181.5		60.0	45.0	80.0	0	0
19:16	19:15	2.9	181.5		60.0	45.0	80.0	0	0
19:17	19:16	2.9	181.6		60.0	45.0	80.0	0	0
19:18	19:17	2.9	181.7		60.0	45.0	80.0	0	0
19:19	19:18	2.9	181.7		60.0	45.0	80.0	0	0
19:20	19:19	2.9	181.8		60.0	45.0	80.0	0	0
19:21	19:20	2.9	181.9		60.0	45.0	80.0	0	0
19:22	19:21	2.9	182.0		60.0	45.0	80.0	0	0
19:23	19:22	2.9	182.1		60.0	45.0	80.0	0	0
19:24	19:23	2.9	182.3		60.0	45.0	80.0	0	0
19:25	19:24	2.9	182.4		60.0	45.0	80.0	0	0
19:26	19:25	2.9	182.4		60.0	45.0	80.0	0	0
19:27	19:26	2.9	182.5		60.0	45.0	80.0	0	0
19:28	19:27	2.9	182.5		60.0	45.0	80.0	0	0
19:29	19:28	2.9	182.5		60.0	45.0	80.0	0	0
19:30	19:29	2.9	182.6		60.0	45.0	80.0	0	0
19:31	19:30	2.9	182.7		60.0	45.0	80.0	0	0
19:32	19:31	2.9	182.7		60.0	45.0	80.0	0	0
19:33	19:32	2.9	182.7		60.0	45.0	80.0	0	0
19:34	19:33	2.9	182.7		60.0	45.0	80.0	0	0
19:35	19:34	2.9	182.7		60.0	45.0	80.0	0	0
19:36	19:35	2.9	182.8		60.0	45.0	80.0	0	0
19:37	19:36	2.9	182.9		60.0	45.0	80.0	0	0
19:38	19:37	2.9	183.0		60.0	45.0	80.0	0	0
19:39	19:38	2.9	183.0		60.0	45.0	80.0	0	0
19:40	19:39	2.9	183.1		60.0	45.0	80.0	0	0
19:41	19:40	2.9	183.1		60.0	45.0	80.0	0	0
19:42	19:41	2.9	183.1		60.0	45.0	80.0	0	0
19:43	19:42	2.9	183.2		60.0	45.0	80.0	0	0
19:44	19:43	2.9	183.3		60.0	45.0	80.0	0	0
19:45	19:44	2.9	183.4		60.0	45.0	80.0	0	0
19:46	19:45	2.9	183.4		60.0	45.0	80.0	0	0
19:47	19:46	2.9	183.5		60.0	45.0	80.0	0	0
19:48	19:47	2.9	183.5		60.0	45.0	80.0	0	0
19:49	19:48	2.9	183.6		60.0	45.0	80.0	0	0
19:50	19:49	2.9	183.6		60.0	45.0	80.0	0	0
19:51	19:50	2.9	183.7		60.0	45.0	80.0	0	0
19:52	19:51	2.9	183.8		60.0	45.0	80.0	0	0
19:53	19:52	2.9	183.9		60.0	45.0	80.0	0	0
19:54	19:53	2.9	184.0		60.0	45.0	80.0	0	0
19:55	19:54	2.9	184.0		60.0	45.0	80.0	0	0
19:56	19:55	2.9	184.0		60.0	45.0	80.0	0	0
19:57	19:56	2.9	184.1		60.0	45.0	80.0	0	0
19:58	19:57	2.9	184.2		60.0	45.0	80.0	0	0
19:59	19:58	2.9	184.2		60.0	45.0	80.0	0	0
20:00	19:59	2.9	184.3		60.0	45.0	80.0	0	0
20:01	20:00	2.9	184.4		60.0	45.0	80.0	0	0
20:02	20:01	2.9	184.4		60.0	45.0	80.0	0	0
20:03	20:02	2.9	184.5		60.0	45.0	80.0	0	0
20:04	20:03	2.9	184.5		60.0	45.0	80.0	0	0
20:05	20:04	2.9	184.6		60.0	45.0	80.0	0	0
20:06	20:05	2.9	184.7		60.0	45.0	80.0	0	0
20:07	20:06	2.9	184.8		60.0	45.0	80.0	0	0
20:08	20:07	2.9	184.8		60.0	45.0	80.0	0	0
20:09	20:08	2.9	184.9		60.0	45.0	80.0	0	0
20:10	20:09	2.9	184.9		60.0	45.0	80.0	0	0
20:11	20:10	2.9	185.0		60.0	45.0	80.0	0	0
20:12	20:11	2.9	185.0		60.0	45.0	80.0	0	0
20:13	20:12	2.9	185.1		60.0	45.0	80.0	0	0
20:14	20:13	2.9	185.1		60.0	45.0	80.0	0	0
20:15	20:14	2.9	185.1		60.0	45.0	80.0	0	0
20:16	20:15	2.9	185.3		60.0	45.0	80.0	0	0
20:17	20:16	2.9	185.3		60.0	45.0	80.0	0	0
20:18	20:17	2.9	185.4		60.0	45.0	80.0	0	0
20:19	20:18	2.9	185.5		60.0	45.0	80.0	0	0
20:20	20:19	2.9	185.5		60.0	45.0	80.0	0	0
20:21	20:20	2.9	185.6		60.0	45.0	80.0	0	0
20:22	20:21	2.9	185.6		60.0	45.0	80.0	0	0
20:23	20:22	2.9	185.7		60.0	45.0	80.0	0	0
20:24	20:23	2.9	185.8		60.0	45.0	80.0	0	0
20:25	20:24	2.9	185.9		60.0	45.0	80.0	0	0
20:26	20:25	2.9	185.9		60.0	45.0	80.0	0	0
20:27	20:26	2.9	186.0		60.0	45.0	80.0	0	0
20:28	20:27	2.9	186.1		60.0	45.0	80.0	0	0
20:29	20:28	2.9	186.2		60.0	45.0	80.0	0	0
20:30	20:29	2.9	186.3		60.0	45.0	80.0	0	0
20:31	20:30	2.9	186.3		60.0	45.0	80.0	0	0
20:32	20:31	2.9	186.4		60.0	45.0	80.0	0	0
20:33	20:32	2.9	186.5		60.0	45.0	80.0	0	0
20:34	20:33	2.9	186.5		60.0	45.0	80.0	0	0
20:35	20:34	2.9	186.6		60.0	45.0	80.0	0	0
20:36	20:35	2.9	186.7		60.0	45.0	80.0	0	0
20:37	20:36	2.9	186.8		60.0	45.0	80.0	0	0
20:38	20:37	2.9	186.9		60.0	45.0	80.0	0	0
20:39	20:38	2.9	186.9		60.0	45.0	80.0	0	0
20:40	20:39	2.9	186.9		60.0	45.0	80.0	0	0
20:41	20:40	2.9	187.0		60.0	45.0	80.0	0	0
20:42	20:41	2.9	187.1		60.0	45.0	80.0	0	0
20:43	20:42	2.9	187.1		60.0	45.0	80.0	0	0
20:44	20:43	2.9	187.2		60.0	45.0	80.0	0	0
20:45	20:44	2.9	187.2		60.0	45.0	80.0	0	0
20:46	20:45	2.9	187.2		60.0	45.0	80.0	0	0
20:47	20:46	2.9	187.2		60.0	45.0	80.0	0	0
20:48	20:47	2.9	187.2		60.0	45.0	80.0	0	0
20:49	20:48	2.9	187.2		60.0	45.0	80.0	0	0
20:50	20:49	2.9	187.3		60.0	45.0	80.0	0	0
20:51	20:50	2.9	187.3		60.0	45.0	80.0	0	0
20:52	20:51	2.9	187.4		60.0	45.0	80.0	0	0
20:53	20:52	2.9	187.4		60.0	45.0	80.0	0	0
20:54	20:53	2.9	187.5		60.0	45.0	80.0	0	0
20:55	20:54	2.9	187.6		60.0	45.0	80.0	0	0
20:56	20:55	2.9	187.6		60.0	45.0	80.0	0	0
20:57	20:56	2.9	187.7		60.0	45.0	80.0	0	0
20:58	20:57	2.9	187.7		60.0	45.0	80.0	0	0
20:59	20:58	2.9	187.8		60.0	45.0	80.0	0	0
21:00	20:59	2.9	187.8		60.0	45.0	80.0	0	0
21:01	21:00	2.9	187.9		60.0	45.0	80.0	0	0
21:02	21:01	2.9	188.0		60.0	45.0	80.0	0	0
21:03	21:02	2.9	188.0		60.0	45.0	80.0	0	0
21:04	21:03	2.9	188.2		60.0	45.0	80.0	0	0
21:05	21:04	2.9	188.2		60.0	45.0	80.0	0	0
21:06	21:05	2.9	188.3		60.0	45.0	80.0	0	0
21:07	21:06	2.9	188.3		60.0	45.0	80.0	0	0
21:08	21:07	2.9	188.3		60.0	45.0	80.0	0	0
21:09	21:08	2.9	188.3		60.0	45.0	80.0	0	0
21:10	21:09	2.9	188.4		60.0	45.0	80.0	0	0
21:11	21:10	2.9	188.4		60.0	45.0	80.0	0	0
21:12	21:11	2.9	188.4		60.0	45.0	80.0	0	0
21:13	21:12	2.9	188.5		60.0	45.0	80.0	0	0
21:14	21:13	2.9	188.5		60.0	45.0	80.0	0	0
21:15	21:14	2.9	188.6		60.0	45.0	80.0	0	0
21:16	21:15	2.9	188.6		60.0	45.0	80.0	0	0
21:17	21:16	2.9	188.7		60.0	45.0	80.0	0	0
21:18	21:17	2.9	188.8		60.0	45.0	80.0	0	0
21:19	21:18	2.9	188.8		60.0	45.0	80.0	0	0
21:20	21:19	2.9	188.8		60.0	45.0	80.0	0	0
21:21	21:20	2.9	188.9		60.0	45.0	80.0	0	0
21:22	21:21	2.9	188.9		60.0	45.0	80.0	0	0
21:23	21:22	2.9	189.0		60.0	45.0	80.0	0	0
21:24	21:23	2.9	189.0		60.0	45.0	80.0	0	0
21:25	21:24	2.9	189.1		60.0	45.0	80.0	0	0
21:26	21:25	2.9	189.2		60.0	45.0	80.0	0	0
21:27	21:26	2.9	189.3		60.0	45.0	80.0	0	0
21:28	21:27	2.9	189.3		60.0	45.0	80.0	0	0
21:29	21:28	2.9	189.4		60.0	45.0	80.0	0	0
21:30	21:29	2.9	189.4		60.0	45.0	80.0	0	0
21:31	21:30	2.9	189.5		60.0	45.0	80.0	0	0
21:32	21:31	2.9	189.5		60.0	45.0	80.0	0	0
21:33	21:32	2.9	189.5		60.0	45.0	80.0	0	0
21:34	21:33	2.9	189.5		60.0	45.0	80.0	0	0
21:35	21:34	2.9	189.5		60.0	45.0	80.0	0	0
21:36	21:35	2.9	189.6		60.0	45.0	80.0	0	0
21:37	21:36	2.9	189.7		60.0	45.0	80.0	0	0
21:38	21:37	2.9	189.7		60.0	45.0	80.0	0	0
21:39	21:38	2.9	189.8		60.0	45.0	80.0	0	0
21:40	21:39	2.9	189.8		60.0	45.0	80.0	0	0
21:41	21:40	2.9	189.9		60.0	45.0	80.0	0	0
21:42	21:41	2.9	189.9		60.0	45.0	80.0	0	0
21:43	21:42	2.9	190.0		60.0	45.0	80.0	0	0
21:44	21:43	2.9	190.0		60.0	45.0	80.0	0	0
21:45	21:44	2.9	190.1		60.0	45.0	80.0	0	0
21:46	21:45	2.9	190.1		60.0	45.0	80.0	0	0
21:47	21:46	2.9	190.2		60.0	45.0	80.0	0	0
21:48	21:47	2.9	190.2		60.0	45.0	80.0	0	0
21:49	21:48	2.9	190.3		60.0	45.0	80.0	0	0
21:50	21:49	2.9	190.3		60.0	45.0	80.0	0	0
21:51	21:50	2.9	190.4		60.0	45.0	80.0	0	0
21:52	21:51	2.9	190.4		60.0	45.0	80.0	0	0
21:53	21:52	2.9	190.5		60.0	45.0	80.0	0	0
21:54	21:53	2.9	190.5		60.0	45.0	80.0	0	0
21:55	21:54	2.9	190.6		60.0	45.0	80.0	0	0
21:56	21:55	2.9	190.7		60.0	45.0	80.0	0	0
21:57	21:56	2.9	190.7		60.0	45.0	80.0	0	0
21:58	21:57	2.9	190.7		60.0	45.0	80.0	0	0
21:59	21:58	2.9	190.8		60.0	45.0	80.0	0	0
22:00	21:59	2.9	190.8		60.0	45.0	80.0	0	0
22:01	22:00	2.9	190.9		60.0	45.0	80.0	0	0
22:02	22:01	2.9	190.9		60.0	45.0	80.0	0	0
22:03	22:02	2.9	190.9		60.0	45.0	80.0	0	0
22:04	22:03	2.9	190.9		60.0	45.0	80.0	0	0
22:05	22:04	2.9	191.0		60.0	45.0	80.0	0	0
22:06	22:05	2.9	191.1		60.0	45.0	80.0	0	0
22:07	22:06	2.9	191.2		60.0	45.0	80.0	0	0
22:08	22:07	2.9	191.3		60.0	45.0	80.0	0	0
22:09	22:08	2.9	191.3		60.0	45.0	80.0	0	0
22:10	22:09	2.9	191.3		60.0	45.0	80.0	0	0
22:11	22:10	2.9	191.3		60.0	45.0	80.0	0	0
22:12	22:11	2.9	191.3		60.0	45.0	80.0	0	0
22:13	22:12	2.9	191.4		60.0	45.0	80.0	0	0
22:14	22:13	2.9	191.5		60.0	45.0	80.0	0	0
22:15	22:14	2.9	191.6		60.0	45.0	80.0	0	0
22:16	22:15	2.9	191.6		60.0	45.0	80.0	0	0
22:17	22:16	2.9	191.7		60.0	45.0	80.0	0	0
22:18	22:17	2.9	191.8		60.0	45.0	80.0	0	0
22:19	22:18	2.9	191.8		60.0	45.0	80.0	0	0
22:20	22:19	2.9	191.9		60.0	45.0	80.0	0	0
22:21	22:20	2.9	192.0		60.0	45.0	80.0	0	0
22:22	22:21	2.9	192.0		60.0	45.0	80.0	0	0
22:23	22:22	2.9	192.0		60.0	45.0	80.0	0	0
22:24	22:23	2.9	192.1		60.0	45.0	80.0	0	0
22:25	22:24	2.9	192.2		60.0	45.0	80.0	0	0
22:26	22:25	2.9	192.2		60.0	45.0	80.0	0	0
22:27	22:26	2.9	192.3		60.0	45.0	80.0	0	0
22:28	22:27	2.9	192.4		60.0	45.0	80.0	0	0
22:29	22:28	2.9	192.5		60.0	45.0	80.0	0	0
22:30	22:29	2.9	192.6		60.0	45.0	80.0	0	0
22:31	22:30	2.9	192.7		60.0	45.0	80.0	0	0
22:32	22:31	2.9	192.8		60.0	45.0	80.0	0	0
22:33	22:32	2.9	192.8		60.0	45.0	80.0	0	0
22:34	22:33	2.9	192.9		60.0	45.0	80.0	0	0
22:35	22:34	2.9	193.0		60.0	45.0	80.0	0	0
22:36	22:35	2.9	193.1		60.0	45.0	80.0	0	0
22:37	22:36	2.9	193.1		60.0	45.0	80.0	0	0
22:38	22:37	2.9	193.2		60.0	45.0	80.0	0	0
22:39	22:38	2.9	193.2		60.0	45.0	80.0	0	0
22:40	22:39	2.9	193.3		60.0	45.0	80.0	0	0
22:41	22:40	2.9	193.3		60.0	45.0	80.0	0	0
22:42	22:41	2.9	193.4		60.0	45.0	80.0	0	0
22:43	22:42	2.9	193.5		60.0	45.0	80.0	0	0
22:44	22:43	2.9	193.5		60.0	45.0	80.0	0	0
22:45	22:44	2.9	193.6		60.0	45.0	80.0	0	0
22:46	22:45	2.9	193.7		60.0	45.0	80.0	0	0
22:47	22:46	2.9	193.7		60.0	45.0	80.0	0	0
22:48	22:47	2.9	193.8		60.0	45.0	80.0	0	0
22:49	22:48	2.9	193.9		60.0	45.0	80.0	0	0
22:50	22:49	2.9	193.9		60.0	45.0	80.0	0	0
22:51	22:50	2.9	194.0		60.0	45.0	80.0	0	0
22:52	22:51	2.9	194.0		60.0	45.0	80.0	0	0
22:53	22:52	2.9	194.1		60.0	45.0	80.0	0	0
22:54	22:53	2.9	194.2		60.0	45.0	80.0	0	0
22:55	22:54	2.9	194.2		60.0	45.0	80.0	0	0
22:56	22:55	2.9	194.2		60.0	45.0	80.0	0	0
22:57	22:56	2.9	194.4		60.0	45.0	80.0	0	0
22:58	22:57	2.9	194.4		60.0	45.0	80.0	0	0
22:59	22:58	2.9	194.4		60.0	45.0	80.0	0	0
23:00	22:59	2.9	194.5		60.0	45.0	80.0	0	0
23:01	23:00	2.9	194.5		60.0	45.0	80.0	0	0
23:02	23:01	2.9	194.6		60.0	45.0	80.0	0	0
23:03	23:02	2.9	194.6		60.0	45.0	80.0	0	0
23:04	23:03	2.9	194.7		60.0	45.0	80.0	0	0
23:05	23:04	2.9	194.8		60.0	45.0	80.0	0	0
23:06	23:05	2.9	194.8		60.0	45.0	80.0	0	0
23:07	23:06	2.9	194.9		60.0	45.0	80.0	0	0
23:08	23:07	2.9	194.9		60.0	45.0	80.0	0	0
23:09	23:08	2.9	194.9		60.0	45.0	80.0	0	0
23:10	23:09	2.9	195.0		60.0	45.0	80.0	0	0
23:11	23:10	2.9	195.0		60.0	45.0	80.0	0	0
23:12	23:11	2.9	195.1		60.0	45.0	80.0	0	0
23:13	23:12	2.9	195.2		60.0	45.0	80.0	0	0
23:14	23:13	2.9	195.2		60.0	45.0	80.0	0	0
23:15	23:14	2.9	195.3		60.0	45.0	80.0	0	0
23:16	23:15	2.9	195.3		60.0	45.0	80.0	0	0
23:17	23:16	2.9	195.4		60.0	45.0	80.0	0	0
23:18	23:17	2.9	195.4		60.0	45.0	80.0	0	0
23:19	23:18	2.9	195.4		60.0	45.0	80.0	0	0
23:20	23:19	2.9	195.4		60.0	45.0	80.0	0	0
23:21	23:20	2.9	195.4		60.0	45.0	80.0	0	0
23:22	23:21	2.9	195.4		60.0	45.0	80.0	0	0
23:23	23:22	2.9	195.5		60.0	45.0	80.0	0	0
23:24	23:23	2.9	195.5		60.0	45.0	80.0	0	0
23:25	23:24	2.9	195.6		60.0	45.0	80.0	0	0
23:26	23:25	2.9	195.6		60.0	45.0	80.0	0	0
23:27	23:26	2.9	195.6		60.0	45.0	80.0	0	0
23:28	23:27	2.9	195.7		60.0	45.0	80.0	0	0
23:29	23:28	2.9	195.8		60.0	45.0	80.0	0	0
23:30	23:29	2.9	195.9		60.0	45.0	80.0	0	0
23:31	23:30	2.9	196.0		60.0	45.0	80.0	0	0
23:32	23:31	2.9	196.0		60.0	45.0	80.0	0	0
23:33	23:32	2.9	196.0		60.0	45.0	80.0	0	0
23:34	23:33	2.9	196.2		60.0	45.0	80.0	0	0
23:35	23:34	2.9	196.2		60.0	45.0	80.0	0	0
23:36	23:35	2.9	196.2		60.0	45.0	80.0	0	0
23:37	23:36	2.9	196.3		60.0	45.0	80.0	0	0
23:38	23:37	2.9	196.3		60.0	45.0	80.0	0	0
23:39	23:38	2.9	196.3		60.0	45.0	80.0	0	0
23:40	23:39	2.9	196.3		60.0	45.0	80.0	0	0
23:41	23:40	2.9	196.4		60.0	45.0	80.0	0	0
23:42	23:41	2.9	196.5		60.0	45.0	80.0	0	0
23:43	23:42	2.9	196.5		60.0	45.0	80.0	0	0
23:44	23:43	2.9	196.6		60.0	45.0	80.0	0	0
23:45	23:44	2.9	196.6		60.0	45.0	80.0	0	0
23:46	23:45	2.9	196.7		60.0	45.0	80.0	0	0
23:47	23:46	2.9	196.8		60.0	45.0	80.0	0	0
23:48	23:47	2.9	196.8		60.0	45.0	80.0	0	0
23:49	23:48	2.9	196.8		60.0	45.0	80.0	0	0
23:50	23:49	2.9	196.8		60.0	45.0	80.0	0	0
23:51	23:50	2.9	196.9		60.0	45.0	80.0	0	0
23:52	23:51	2.9	196.9		60.0	45.0	80.0	0	0
23:53	23:52	2.9	197.0		60.0	45.0	80.0	0	0
23:54	23:53	2.9	197.0		60.0	45.0	80.0	0	0
23:55	23:54	2.9	197.0		60.0	45.0	80.0	0	0
23:56	23:55	2.9	197.1		60.0	45.0	80.0	0	0
23:57	23:56	2.9	197.1		60.0	45.0	80.0	0	0
23:58	23:57	2.9	197.2		60.0	45.0	80.0	0	0
23:59	23:58	2.9	197.2		60.0	45.0	80.0	0	0
24:00	23:59	2.9	197.2		60.0	45.0	80.0	0	0
24:01	24:00	2.9	197.3		60.0	45.0	80.0	0	0
24:02	24:01	2.9	197.3		60.0	45.0	80.0	0	0
24:03	24:02	2.9	197.4		60.0	45.0	80.0	0	0
24:04	24:03	2.9	197.5		60.0	45.0	80.0	0	0
24:05	24:04	2.9	197.5		60.0	45.0	80.0	0	0
24:06	24:05	2.9	197.6		60.0	45.0	80.0	0	0
24:07	24:06	2.9	197.6		60.0	45.0	80.0	0	0
24:08	24:07	2.9	197.7		60.0	45.0	80.0	0	0
24:09	24:08	2.9	197.8		60.0	45.0	80.0	0	0
24:10	24:09	2.9	197.8		60.0	45.0	80.0	0	0
24:11	24:10	2.9	197.9		60.0	45.0	80.0	0	0
24:12	24:11	2.9	197.9		60.0	45.0	80.0	0	0
24:13	24:12	2.9	197.9		60.0	45.0	80.0	0	0
24:14	24:13	2.9	198.0		60.0	45.0	80.0	0	0
24:15	24:14	2.9	198.0		60.0	45.0	80.0	0	0
24:16	24:15	2.9	198.1		60.0	45.0	80.0	0	0
24:17	24:16	2.9	198.1		60.0	45.0	80.0	0	0
24:18	24:17	2.9	198.2		60.0	45.0	80.0	0	0
24:19	24:18	2.9	198.2		60.0	45.0	80.0	0	0
24:20	24:19	2.9	198.3		60.0	45.0	80.0	0	0
24:21	24:20	2.9	198.3		60.0	45.0	80.0	0	0
24:22	24:21	2.9	198.3		60.0	45.0	80.0	0	0
24:23	24:22	2.9	198.4		60.0	45.0	80.0	0	0
24:24	24:23	2.9	198.4		60.0	45.0	80.0	0	0
24:25	24:24	2.9	198.5		60.0	45.0	80.0	0	0
24:26	24:25	2.9	198.5		60.0	45.0	80.0	0	0
24:27	24:26	2.9	198.6		60.0	45.0	80.0	0	0
24:28	24:27	2.9	198.6		60.0	45.0	80.0	0	0
24:29	24:28	2.9	198.7		60.0	45.0	80.0	0	0
24:30	24:29	2.9	198.8		60.0	45.0	80.0	0	0
24:31	24:30	2.9	198.9		60.0	45.0	80.0	0	0
24:32	24:31	2.9	198.9		60.0	45.0	80.0	0	0
24:33	24:32	2.9	199.0		60.0	45.0	80.0	0	0
24:34	24:33	2.9	199.1		60.0	45.0	80.0	0	0
24:35	24:34	2.9	199.1		60.0	45.0	80.0	0	0
24:36	24:35	2.9	199.2		60.0	45.0	80.0	0	0
24:37	24:36	2.9	199.3		60.0	45.0	80.0	0	0
24:38	24:37	2.9	199.4		60.0	45.0	80.0	0	0
24:39	24:38	2.9	199.4		60.0	45.0	80.0	0	0
24:40	24:39	2.9	199.5		60.0	45.0	80.0	0	0
24:41	24:40	2.9	199.6		60.0	45.0	80.0	0	0
24:42	24:41	2.9	199.6		60.0	45.0	80.0	0	0
24:43	24:42	2.9	199.7		60.0	45.0	80.0	0	0
24:44	24:43	2.9	199.8		60.0	45.0	80.0	0	0
24:45	24:44	2.9	199.9		60.0	45.0	80.0	0	0
24:46	24:45	2.9	200.0		60.0	45.0	80.0	0	0
24:47	24:46	2.9	200.0	FCs	60.0	45.0	80.0	0	0
24:48	24:47	2.9	200.1		60.0	45.0	80.0	0	0
24:49	24:48	2.9	200.2		60.0	45.0	80.0	0	0
24:50	24:49	2.9	200.2		60.0	45.0	80.0	0	0
24:51	24:50	2.9	200.3		60.0	45.0	80.0	0	0
24:52	24:51	2.9	200.3		60.0	45.0	80.0	0	0
24:53	24:52	2.9	200.4		60.0	45.0	80.0	0	0
24:54	24:53	2.9	200.4		60.0	45.0	80.0	0	0
24:55	24:54	2.9	200.5		60.0	45.0	80.0	0	0
24:56	24:55	2.9	200.5		60.0	45.0	80.0	0	0
24:57	24:56	2.9	200.5		60.0	45.0	80.0	0	0
24:58	24:57	2.9	200.5		60.0	45.0	80.0	0	0
24:59	24:58	2.9	200.5		60.0	45.0	80.0	0	0
25:00	24:59	2.9	200.6		60.0	45.0	80.0	0	0
25:01	25:00	2.9	200.6		60.0	45.0	80.0	0	0
25:02	25:01	2.9	200.7		60.0	45.0	80.0	0	0
25:03	25:02	2.9	200.7		60.0	45.0	80.0	0	0
25:04	25:03	2.9	200.7		60.0	45.0	80.0	0	0
25:05	25:04	2.9	200.7		60.0	45.0	80.0	0	0
25:06	25:05	2.9	200.7		60.0	45.0	80.0	0	0
25:07	25:06	2.9	200.7		60.0	45.0	80.0	0	0
25:08	25:07	2.9	200.7		60.0	45.0	80.0	0	0
25:09	25:08	2.9	200.7		60.0	45.0	80.0	0	0
25:10	25:09	2.9	200.7		60.0	45.0	80.0	0	0
25:11	25:10	2.9	200.7		60.0	45.0	80.0	0	0
25:12	25:11	2.9	200.7		60.0	45.0	80.0	0	0
25:13	25:12	2.9	200.7		60.0	45.0	80.0	0	0
25:14	25:13	2.9	200.7		60.0	45.0	80.0	0	0
25:15	25:14	2.9	200.8		60.0	45.0	80.0	0	0
25:16	25:15	2.9	200.9		60.0	45.0	80.0	0	0
25:17	25:16	2.9	201.0		60.0	45.0	80.0	0	0
25:18	25:17	2.9	201.1		60.0	45.0	80.0	0	0
25:19	25:18	2.9	201.1		60.0	45.0	80.0	0	0
25:20	25:19	2.9	201.2		60.0	45.0	80.0	0	0
25:21	25:20	2.9	201.3		60.0	45.0	80.0	0	0
25:22	25:21	2.9	201.3		60.0	45.0	80.0	0	0
25:23	25:22	2.9	201.4		60.0	45.0	80.0	0	0
25:24	25:23	2.9	201.4		60.0	45.0	80.0	0	0
25:25	25:24	2.9	201.5		60.0	45.0	80.0	0	0
25:26	25:25	2.9	201.6		60.0	45.0	80.0	0	0
25:27	25:26	2.9	201.7		60.0	45.0	80.0	0	0
25:28	25:27	2.9	201.7		60.0	45.0	80.0	0	0
25:29	25:28	2.9	201.8		60.0	45.0	80.0	0	0
25:30	25:29	2.9	201.8		60.0	45.0	80.0	0	0
25:31	25:30	2.9	201.8		60.0	45.0	80.0	0	0
25:32	25:31	2.9	201.9		60.0	45.0	80.0	0	0
25:33	25:32	2.9	202.0		60.0	45.0	80.0	0	0
25:34	25:33	2.9	202.1		60.0	45.0	80.0	0	0
25:35	25:34	2.9	202.1		60.0	45.0	80.0	0	0
25:36	25:35	2.9	202.2		60.0	45.0	80.0	0	0
25:37	25:36	2.9	202.3		60.0	45.0	80.0	0	0
25:38	25:37	2.9	202.3		60.0	45.0	80.0	0	0
25:39	25:38	2.9	202.4		60.0	45.0	80.0	0	0
25:40	25:39	2.9	202.5		60.0	45.0	80.0	0	0
25:41	25:40	2.9	202.5		60.0	45.0	80.0	0	0
25:42	25:41	2.9	202.6		60.0	45.0	80.0	0	0
25:43	25:42	2.9	202.7		60.0	45.0	80.0	0	0
25:44	25:43	2.9	202.8		60.0	45.0	80.0	0	0
25:45	25:44	2.9	202.9		60.0	45.0	80.0	0	0
25:46	25:45	2.9	203.0		60.0	45.0	80.0	0	0
25:47	25:46	2.9	203.1		60.0	45.0	80.0	0	0
25:48	25:47	2.9	203.1		60.0	45.0	80.0	0	0
25:49	25:48	2.9	203.1		60.0	45.0	80.0	0	0
25:50	25:49	2.9	203.2		60.0	45.0	80.0	0	0
25:51	25:50	2.9	203.3		60.0	45.0	80.0	0	0
25:52	25:51	2.9	203.4		60.0	45.0	80.0	0	0
25:53	25:52	2.9	203.4		60.0	45.0	80.0	0	0
25:54	25:53	2.9	203.5		60.0	45.0	80.0	0	0
25:55	25:54	2.9	203.5		60.0	45.0	80.0	0	0
25:56	25:55	2.9	203.5		60.0	45.0	80.0	0	0
25:57	25:56	2.9	203.6		60.0	45.0	80.0	0	0
25:58	25:57	2.9	203.6		60.0	45.0	80.0	0	0
25:59	25:58	2.9	203.7		60.0	45.0	80.0	0	0
26:00	25:59	2.9	203.7		60.0	45.0	80.0	0	0
26:01	26:00	2.9	203.7		60.0	45.0	80.0	0	0
26:02	26:01	2.9	203.7		60.0	45.0	80.0	0	0
26:03	26:02	2.9	203.8		60.0	45.0	80.0	0	0
26:04	26:03	2.9	203.8		60.0	45.0	80.0	0	0
26:05	26:04	2.9	203.8		60.0	45.0	80.0	0	0
26:06	26:05	2.9	203.9		60.0	45.0	80.0	0	0
26:07	26:06	2.9	203.9		60.0	45.0	80.0	0	0
26:08	26:07	2.9	204.0		60.0	45.0	80.0	0	0
26:09	26:08	2.9	204.0		60.0	45.0	80.0	0	0
26:10	26:09	2.9	204.0		60.0	45.0	80.0	0	0
26:11	26:10	2.9	204.0		60.0	45.0	80.0	0	0
26:12	26:11	2.9	204.1		60.0	45.0	80.0	0	0
26:13	26:12	2.9	204.1		60.0	45.0	80.0	0	0
26:14	26:13	2.9	204.1		60.0	45.0	80.0	0	0
26:15	26:14	2.9	204.2		60.0	45.0	80.0	0	0
26:16	26:15	2.9	204.2		60.0	45.0	80.0	0	0
26:17	26:16	2.9	204.2		60.0	45.0	80.0	0	0
26:18	26:17	2.9	204.2		60.0	45.0	80.0	0	0
26:19	26:18	2.9	204.3		60.0	45.0	80.0	0	0
26:20	26:19	2.9	204.3		60.0	45.0	80.0	0	0
26:21	26:20	2.9	204.3		60.0	45.0	80.0	0	0
26:22	26:21	2.9	204.4		60.0	45.0	80.0	0	0
26:23	26:22	2.9	204.4		60.0	45.0	80.0	0	0
26:24	26:23	2.9	204.4		60.0	45.0	80.0	0	0
26:25	26:24	2.9	204.5		60.0	45.0	80.0	0	0
26:26	26:25	2.9	204.5		60.0	45.0	80.0	0	0
26:27	26:26	2.9	204.5		60.0	45.0	80.0	0	0
26:28	26:27	2.9	204.5		60.0	45.0	80.0	0	0
26:29	26:28	2.9	204.6		60.0	45.0	80.0	0	0
26:30	26:29	2.9	204.6		60.0	45.0	80.0	0	0
26:31	26:30	2.9	204.7		60.0	45.0	80.0	0	0
26:32	26:31	2.9	204.7		60.0	45.0	80.0	0	0
26:33	26:32	2.9	204.7		60.0	45.0	80.0	0	0
26:34	26:33	2.9	204.7		60.0	45.0	80.0	0	0
26:35	26:34	2.9	204.8		60.0	45.0	80.0	0	0
26:36	26:35	2.9	204.8		60.0	45.0	80.0	0	0
26:37	26:36	2.9	204.8		60.0	45.0	80.0	0	0
26:38	26:37	2.9	204.8		60.0	45.0	80.0	0	0
26:39	26:38	2.9	204.8		60.0	45.0	80.0	0	0
26:40	26:39	2.9	204.9		60.0	45.0	80.0	0	0
26:41	26:40	2.9	204.9		60.0	45.0	80.0	0	0
26:42	26:41	2.9	204.9		60.0	45.0	80.0	0	0
26:43	26:42	2.9	204.9		60.0	45.0	80.0	0	0
26:44	26:43	2.9	205.0		60.0	45.0	80.0	0	0
26:45	26:44	2.9	205.0		60.0	45.0	80.0	0	0
26:46	26:45	2.9	205.0		60.0	45.0	80.0	0	0
26:47	26:46	2.9	205.0		60.0	45.0	80.0	0	0
26:48	26:47	2.9	205.0		60.0	45.0	80.0	0	0
26:49	26:48	2.9	205.0		60.0	45.0	80.0	0	0
26:50	26:49	2.9	205.1		60.0	45.0	80.0	0	0
26:51	26:50	2.9	205.1		60.0	45.0	80.0	0	0
26:52	26:51	2.9	205.1		60.0	45.0	80.0	0	0
26:53	26:52	2.9	205.2		60.0	45.0	80.0	0	0
26:54	26:53	2.9	205.2		60.0	45.0	80.0	0	0
26:55	26:54	2.9	205.2		60.0	45.0	80.0	0	0
26:56	26:55	2.9	205.3		60.0	45.0	80.0	0	0
26:57	26:56	2.9	205.3		60.0	45.0	80.0	0	0
26:58	26:57	2.9	205.3		60.0	45.0	80.0	0	0
26:59	26:58	2.9	205.3		60.0	45.0	80.0	0	0
27:00	26:59	2.9	205.4		60.0	45.0	80.0	0	0
27:01	27:00	2.9	205.4		60.0	45.0	80.0	0	0
27:02	27:01	2.9	205.4		60.0	45.0	80.0	0	0
27:03	27:02	2.9	205.5		60.0	45.0	80.0	0	0
27:04	27:03	2.9	205.5		60.0	45.0	80.0	0	0
27:05	27:04	2.9	205.5		60.0	45.0	80.0	0	0
27:06	27:05	2.9	205.6		60.0	45.0	80.0	0	0
27:07	27:06	2.9	205.6		60.0	45.0	80.0	0	0
27:08	27:07	2.9	205.6		60.0	45.0	80.0	0	0
27:09	27:08	2.9	205.7		60.0	45.0	80.0	0	0
27:10	27:09	2.9	205.7		60.0	45.0	80.0	0	0
27:11	27:10	2.9	205.8		60.0	45.0	80.0	0	0
27:12	27:11	2.9	205.8		60.0	45.0	80.0	0	0
27:13	27:12	2.9	205.8		60.0	45.0	80.0	0	0
27:14	27:13	2.9	205.9		60.0	45.0	80.0	0	0
27:15	27:14	2.9	205.9		60.0	45.0	80.0	0	0
27:16	27:15	2.9	205.9		60.0	45.0	80.0	0	0
27:17	27:16	2.9	206.0		60.0	45.0	80.0	0	0
27:18	27:17	2.9	206.0		60.0	45.0	80.0	0	0
27:19	27:18	2.9	206.0		60.0	45.0	80.0	0	0
27:20	27:19	2.9	206.1		60.0	45.0	80.0	0	0
27:21	27:20	2.9	206.1		60.0	45.0	80.0	0	0
27:22	27:21	2.9	206.2		60.0	45.0	80.0	0	0
27:23	27:22	2.9	206.2		60.0	45.0	80.0	0	0
27:24	27:23	2.9	206.2		60.0	45.0	80.0	0	0
27:25	27:24	2.9	206.2		60.0	45.0	80.0	0	0
27:26	27:25	2.9	206.3		60.0	45.0	80.0	0	0
27:27	27:26	2.9	206.3		60.0	45.0	80.0	0	0
27:28	27:27	2.9	206.3		60.0	45.0	80.0	0	0
27:29	27:28	2.9	206.4		60.0	45.0	80.0	0	0
27:30	27:29	2.9	206.4		60.0	45.0	80.0	0	0
27:31	27:30	2.9	206.4		60.0	45.0	80.0	0	0
27:32	27:31	2.9	206.4		60.0	45.0	80.0	0	0
27:33	27:32	2.9	206.5		60.0	45.0	80.0	0	0
27:34	27:33	2.9	206.5		60.0	45.0	80.0	0	0
27:35	27:34	2.9	206.5		60.0	45.0	80.0	0	0
27:36	27:35	2.9	206.5		60.0	45.0	80.0	0	0
27:37	27:36	2.9	206.6		60.0	45.0	80.0	0	0
27:38	27:37	2.9	206.6		60.0	45.0	80.0	0	0
27:39	27:38	2.9	206.6		60.0	45.0	80.0	0	0
27:40	27:39	2.9	206.7		60.0	45.0	80.0	0	0
27:41	27:40	2.9	206.7		60.0	45.0	80.0	0	0
27:42	27:41	2.9	206.7		60.0	45.0	80.0	0	0
27:43	27:42	2.9	206.8		60.0	45.0	80.0	0	0
27:44	27:43	2.9	206.8		60.0	45.0	80.0	0	0
27:45	27:44	2.9	206.8		60.0	45.0	80.0	0	0
27:46	27:45	2.9	206.9		60.0	45.0	80.0	0	0
27:47	27:46	2.9	206.9		60.0	45.0	80.0	0	0
27:48	27:47	2.9	206.9		60.0	45.0	80.0	0	0
27:49	27:48	2.9	206.9		60.0	45.0	80.0	0	0
27:50	27:49	2.9	207.0		60.0	45.0	80.0	0	0
27:51	27:50	2.9	207.0		60.0	45.0	80.0	0	0
27:52	27:51	2.9	207.1		60.0	45.0	80.0	0	0
27:53	27:52	2.9	207.1		60.0	45.0	80.0	0	0
27:54	27:53	2.9	207.1		60.0	45.0	80.0	0	0
27:55	27:54	2.9	207.2		60.0	45.0	80.0	0	0
27:56	27:55	2.9	207.2		60.0	45.0	80.0	0	0
27:57	27:56	2.9	207.2		60.0	45.0	80.0	0	0
27:58	27:57	2.9	207.3		60.0	45.0	80.0	0	0
27:59	27:58	2.9	207.3		60.0	45.0	80.0	0	0
28:00	27:59	2.9	207.4		60.0	45.0	80.0	0	0
28:01	28:00	2.9	207.4		60.0	45.0	80.0	0	0
28:02	28:01	2.9	207.4		60.0	45.0	80.0	0	0
28:03	28:02	2.9	207.5		60.0	45.0	80.0	0	0
28:04	28:03	2.9	207.5		60.0	45.0	80.0	0	0
28:05	28:04	2.9	207.5		60.0	45.0	80.0	0	0
28:06	28:05	2.9	207.6		60.0	45.0	80.0	0	0
28:07	28:06	2.9	207.6		60.0	45.0	80.0	0	0
28:08	28:07	2.9	207.7		60.0	45.0	80.0	0	0
28:09	28:08	2.9	207.7		60.0	45.0	80.0	0	0
28:10	28:09	2.9	207.7		60.0	45.0	80.0	0	0
28:11	28:10	2.9	207.8		60.0	45.0	80.0	0	0
28:12	28:11	2.9	207.8		60.0	45.0	80.0	0	0
28:13	28:12	2.9	207.8		60.0	45.0	80.0	0	0
28:14	28:13	2.9	207.9		60.0	45.0	80.0	0	0
28:15	28:14	2.9	207.9		60.0	45.0	80.0	0	0
28:16	28:15	2.9	208.0		60.0	45.0	80.0	0	0
28:17	28:16	2.9	208.0		60.0	45.0	80.0	0	0
28:18	28:17	2.9	208.0		60.0	45.0	80.0	0	0
28:19	28:18	2.9	208.1		60.0	45.0	80.0	0	0
28:20	28:19	2.9	208.1		60.0	45.0	80.0	0	0
28:21	28:20	2.9	208.2		60.0	45.0	80.0	0	0
28:22	28:21	2.9	208.2		60.0	45.0	80.0	0	0
28:23	28:22	2.9	208.3		60.0	45.0	80.0	0	0
28:24	28:23	2.9	208.3		60.0	45.0	80.0	0	0
28:25	28:24	2.9	208.3		60.0	45.0	80.0	0	0
28:26	28:25	2.9	208.4		60.0	45.0	80.0	0	0
28:27	28:26	2.9	208.4		60.0	45.0	80.0	0	0
28:28	28:27	2.9	208.5		60.0	45.0	80.0	0	0
28:29	28:28	2.9	208.5		60.0	45.0	80.0	0	0
28:30	28:29	2.9	208.5		60.0	45.0	80.0	0	0
28:31	28:30	2.9	208.6		60.0	45.0	80.0	0	0
28:32	28:31	2.9	208.6		60.0	45.0	80.0	0	0
28:33	28:32	2.9	208.7		60.0	45.0	80.0	0	0
28:34	28:33	2.9	208.7		60.0	45.0	80.0	0	0
28:35	28:34	2.9	208.8		60.0	45.0	80.0	0	0
28:36	28:35	2.9	208.9		60.0	45.0	80.0	0	0
28:37	28:36	2.9	209.0		60.0	45.0	80.0	0	0
28:38	28:37	2.9	209.1		60.0	45.0	80.0	0	0
28:39	28:38	2.9	209.1		60.0	45.0	80.0	0	0
28:40	28:39	2.9	209.2		60.0	45.0	80.0	0	0
28:41	28:40	2.9	209.3		60.0	45.0	80.0	0	0
28:42	28:41	2.9	209.3		60.0	45.0	80.0	0	0
28:43	28:42	2.9	209.4		60.0	45.0	80.0	0	0
28:44	28:43	2.9	209.4		60.0	45.0	80.0	0	0
28:45	28:44	2.9	209.5		60.0	45.0	80.0	0	0
28:46	28:45	2.9	209.5		60.0	45.0	80.0	0	0
28:47	28:46	2.9	209.5		60.0	45.0	80.0	0	0
28:48	28:47	2.9	209.6		60.0	45.0	80.0	0	0
28:49	28:48	2.9	209.7		60.0	45.0	80.0	0	0
28:50	28:49	2.9	209.7		60.0	45.0	80.0	0	0
28:51	28:50	2.9	209.8		60.0	45.0	80.0	0	0
28:52	28:51	2.9	209.9		60.0	45.0	80.0	0	0
28:53	28:52	2.9	209.9		60.0	45.0	80.0	0	0
28:54	28:53	2.9	210.0		60.0	45.0	80.0	0	0
28:55	28:54	2.9	210.1		60.0	45.0	80.0	0	0
28:56	28:55	2.9	210.1		60.0	45.0	80.0	0	0
28:57	28:56	2.9	210.2		60.0	45.0	80.0	0	0
28:58	28:57	2.9	210.3		60.0	45.0	80.0	0	0
28:59	28:58	2.9	210.3		60.0	45.0	80.0	0	0
29:00	28:59	2.9	210.4		60.0	45.0	80.0	0	0
29:01	29:00	2.9	210.5		60.0	45.0	80.0	0	0
29:02	29:01	2.9	210.6		60.0	45.0	80.0	0	0
29:03	29:02	2.9	210.6		60.0	45.0	80.0	0	0
29:04	29:03	2.9	210.7		60.0	45.0	80.0	0	0
29:05	29:04	2.9	210.8		60.0	45.0	80.0	0	0
29:06	29:05	2.9	210.8		60.0	45.0	80.0	0	0
29:07	29:06	2.9	210.9		60.0	45.0	80.0	0	0
29:08	29:07	2.9	211.0		60.0	45.0	80.0	0	0
29:09	29:08	2.9	211.1		60.0	45.0	80.0	0	0
29:10	29:09	2.9	211.2		60.0	45.0	80.0	0	0
29:11	29:10	2.9	211.3		60.0	45.0	80.0	0	0
29:12	29:11	2.9	211.4		60.0	45.0	80.0	0	0
29:13	29:12	2.9	211.4		60.0	45.0	80.0	0	0
29:14	29:13	2.9	211.4		60.0	45.0	80.0	0	0
29:15	29:14	2.9	211.5		60.0	45.0	80.0	0	0
29:16	29:15	2.9	211.7		60.0	45.0	80.0	0	0
29:17	29:16	2.9	211.8		60.0	45.0	80.0	0	0
29:18	29:17	2.9	211.9		60.0	45.0	80.0	0	0
29:19	29:18	2.9	212.0		60.0	45.0	80.0	0	0
29:20	29:19	2.9	212.1		60.0	45.0	80.0	0	0
29:21	29:20	2.9	212.2		60.0	45.0	80.0	0	0
29:22	29:21	2.9	212.3		60.0	45.0	80.0	0	0
29:23	29:22	2.9	212.4		60.0	45.0	80.0	0	0
29:24	29:23	2.9	212.5		60.0	45.0	80.0	0	0
29:25	29:24	2.9	212.5		60.0	45.0	80.0	0	0
29:26	29:25	2.9	212.6		60.0	45.0	80.0	0	0
29:27	29:26	2.9	212.7		60.0	45.0	80.0	0	0
29:28	29:27	2.9	212.8		60.0	45.0	80.0	0	0
29:29	29:28	2.9	212.8		60.0	45.0	80.0	0	0
29:30	29:29	2.9	212.9		60.0	45.0	80.0	0	0
29:31	29:30	2.9	213.0		60.0	45.0	80.0	0	0
29:32	29:31	2.9	213.1		60.0	45.0	80.0	0	0
29:33	29:32	2.9	213.3		60.0	45.0	80.0	0	0
29:34	29:33	2.9	213.4		60.0	45.0	80.0	0	0
29:35	29:34	2.9	213.5		60.0	45.0	80.0	0	0
29:36	29:35	2.9	213.6		60.0	45.0	80.0	0	0
29:37	29:36	2.9	213.6		60.0	45.0	80.0	0	0
29:38	29:37	2.9	213.7		60.0	45.0	80.0	0	0
29:39	29:38	2.9	213.8		60.0	45.0	80.0	0	0
29:40	29:39	2.9	213.9		60.0	45.0	80.0	0	0
29:41	29:40	2.9	214.0		60.0	45.0	80.0	0	0
29:42	29:41	2.9	214.0		60.0	45.0	80.0	0	0
29:43	29:42	2.9	214.1		60.0	45.0	80.0	0	0
29:44	29:43	2.9	214.2		60.0	45.0	80.0	0	0
29:45	29:44	2.9	214.3		60.0	45.0	80.0	0	0
29:46	29:45	2.9	214.4		60.0	45.0	80.0	0	0
29:47	29:46	2.9	214.5		60.0	45.0	80.0	0	0
29:48	29:47	2.9	214.6		60.0	45.0	80.0	0	0
29:49	29:48	2.9	214.7		60.0	45.0	80.0	0	0
29:50	29:49	2.9	214.8		60.0	45.0	80.0	0	0
29:51	29:50	2.9	214.9		60.0	45.0	80.0	0	0
29:52	29:51	2.9	214.9		60.0	45.0	80.0	0	0
29:53	29:52	2.9	215.0		60.0	45.0	80.0	0	0
29:54	29:53	2.9	215.1		60.0	45.0	80.0	0	0
29:55	29:54	2.9	215.3		60.0	45.0	80.0	0	0
29:56	29:55	2.9	215.3		60.0	45.0	80.0	0	0
29:57	29:56	2.9	215.3		60.0	45.0	80.0	0	0
29:58	29:57	2.9	215.4		60.0	45.0	80.0	0	0
29:59	29:58	2.9	215.4		60.0	45.0	80.0	0	0
30:00	29:59	2.9	215.5		60.0	45.0	80.0	0	0
30:01	30:00	2.9	215.6		60.0	45.0	80.0	0	0
30:02	30:01	2.9	215.7		60.0	45.0	80.0	0	0
30:03	30:02	2.9	215.8		60.0	45.0	80.0	0	0
30:04	30:03	2.9	215.8		60.0	45.0	80.0	0	0
30:05	30:04	2.9	216.0		60.0	45.0	80.0	0	0
30:06	30:05	2.9	216.0		60.0	45.0	80.0	0	0
30:07	30:06	2.9	216.1		60.0	45.0	80.0	0	0
30:08	30:07	2.9	216.2		60.0	45.0	80.0	0	0
30:09	30:08	2.9	216.3		60.0	45.0	80.0	0	0
30:10	30:09	2.9	216.4		60.0	45.0	80.0	0	0
30:11	30:10	2.9	216.5		60.0	45.0	80.0	0	0
30:12	30:11	2.9	216.6		60.0	45.0	80.0	0	0
30:13	30:12	2.9	216.7		60.0	45.0	80.0	0	0
30:14	30:13	2.9	216.8		60.0	45.0	80.0	0	0
30:15	30:14	2.9	217.0		60.0	45.0	80.0	0	0
30:16	30:15	2.9	217.2		60.0	45.0	80.0	0	0
30:17	30:16	2.9	217.2		60.0	45.0	80.0	0	0
30:18	30:17	2.9	217.3		60.0	45.0	80.0	0	0
30:19	30:18	2.9	217.4		60.0	45.0	80.0	0	0
30:20	30:19	2.9	217.5		60.0	45.0	80.0	0	0
30:21	30:20	2.9	217.6		60.0	45.0	80.0	0	0
30:22	30:21	2.9	217.7		60.0	45.0	80.0	0	0
30:23	30:22	2.9	217.9		60.0	45.0	80.0	0	0
30:24	30:23	2.9	218.0		60.0	45.0	80.0	0	0
30:25	30:24	2.9	218.1		60.0	45.0	80.0	0	0
30:26	30:25	2.9	218.2		60.0	45.0	80.0	0	0
30:27	30:26	2.9	218.4		60.0	45.0	80.0	0	0
30:28	30:27	2.9	218.5		60.0	45.0	80.0	0	0
30:29	30:28	2.9	218.5		60.0	45.0	80.0	0	0
30:30	30:29	2.9	218.5		60.0	45.0	80.0	0	0
30:31	30:30	2.9	218.6		60.0	45.0	80.0	0	0
30:32	30:31	2.9	218.7		60.0	45.0	80.0	0	0
30:33	30:32	2.9	218.7		60.0	45.0	80.0	0	0
30:34	30:33	2.9	218.9		60.0	45.0	80.0	0	0
30:35	30:34	2.9	218.9		60.0	45.0	80.0	0	0
30:36	30:35	2.9	219.0		60.0	45.0	80.0	0	0
30:37	30:36	2.9	219.2		60.0	45.0	80.0	0	0
30:38	30:37	2.9	219.3		60.0	45.0	80.0	0	0
30:39	30:38	2.9	219.4		60.0	45.0	80.0	0	0
30:40	30:39	2.9	219.5		60.0	45.0	80.0	0	0
30:41	30:40	2.9	219.6		60.0	45.0	80.0	0	0
30:42	30:41	2.9	219.8		60.0	45.0	80.0	0	0
30:43	30:42	2.9	219.8		60.0	45.0	80.0	0	0
30:44	30:43	2.9	220.0		60.0	45.0	80.0	0	0
30:45	30:44	2.9	220.0	DROP	60.0	45.0	80.0	0	0
