Date:13.06.2026 09:48:00	Unit:C	CHARGE:00:00	TP:01:58	DRYe:06:44	FCs:10:43	FCe:	SCs:	SCe:	DROP:13:52	COOL:	Time:09:48
Time1	Time2	ET	BT	Event	Air(%)	Burner(%)	Drum(%)	VacFlag	VacSP(Pa)
00:00	00:00	243.1	219.9	CHARGE	50.0	30.0	90.0	0	0
00:01	00:01	243.5	220.5		50.0	30.0	90.0	0	0
00:02	00:02	244.0	221.3		50.0	30.0	90.0	0	0
00:03	00:03	244.4	221.5		50.0	30.0	90.0	0	0
00:04	00:04	244.4	220.3		50.0	30.0	90.0	0	0
00:05	00:05	243.9	216.3		50.0	30.0	90.0	0	0
00:06	00:06	242.5	211.8		50.0	30.0	90.0	0	0
00:07	00:07	239.9	207.4		50.0	30.0	90.0	0	0
00:08	00:08	237.2	203.3		50.0	30.0	90.0	0	0
00:09	00:09	235.1	200.6		50.0	30.0	90.0	0	0
00:10	00:10	230.9	197.8		50.0	100.0	90.0	0	0
00:11	00:11	228.4	193.2		50.0	100.0	90.0	0	0
00:12	00:12	224.5	190.4		50.0	100.0	90.0	0	0
00:13	00:13	222.1	188.1		50.0	100.0	90.0	0	0
00:14	00:14	219.8	183.9		50.0	100.0	90.0	0	0
00:15	00:15	217.4	181.4		50.0	100.0	90.0	0	0
00:16	00:16	214.8	177.5		50.0	100.0	90.0	0	0
00:17	00:17	212.2	174.9		50.0	100.0	90.0	0	0
00:18	00:18	209.7	172.7		50.0	100.0	90.0	0	0
00:19	00:19	208.7	170.0		50.0	100.0	90.0	0	0
00:20	00:20	206.3	167.3		50.0	100.0	90.0	0	0
00:21	00:21	204.3	165.1		50.0	100.0	90.0	0	0
00:22	00:22	203.1	162.6		50.0	100.0	90.0	0	0
00:23	00:23	200.6	159.9		50.0	100.0	90.0	0	0
00:24	00:24	197.9	157.6		50.0	100.0	90.0	0	0
00:25	00:25	195.2	154.8		50.0	100.0	90.0	0	0
00:26	00:26	194.4	153.6		50.0	100.0	90.0	0	0
00:27	00:27	193.2	150.7		50.0	100.0	90.0	0	0
00:28	00:28	192.3	148.3		50.0	100.0	90.0	0	0
00:29	00:29	190.5	147.2		50.0	100.0	90.0	0	0
00:30	00:30	188.5	144.4		50.0	100.0	90.0	0	0
00:31	00:31	187.6	142.0		50.0	100.0	90.0	0	0
00:32	00:32	186.7	139.5		50.0	100.0	90.0	0	0
00:33	00:33	186.1	138.4		50.0	100.0	90.0	0	0
00:34	00:34	186.0	136.5		50.0	100.0	90.0	0	0
00:35	00:35	185.9	134.1		50.0	100.0	90.0	0	0
00:36	00:36	185.9	133.1		50.0	100.0	90.0	0	0
00:37	00:37	186.0	131.7		50.0	100.0	90.0	0	0
00:38	00:38	186.4	128.9		50.0	100.0	90.0	0	0
00:39	00:39	187.1	128.1		50.0	100.0	90.0	0	0
00:40	00:40	187.7	126.4		50.0	100.0	90.0	0	0
00:41	00:41	188.4	124.2		50.0	100.0	90.0	0	0
00:42	00:42	189.5	123.3		50.0	100.0	90.0	0	0
00:43	00:43	190.7	121.7		50.0	100.0	90.0	0	0
00:44	00:44	191.8	120.4		50.0	100.0	90.0	0	0
00:45	00:45	192.7	119.5		50.0	100.0	90.0	0	0
00:46	00:46	193.8	117.6		50.0	100.0	90.0	0	0
00:47	00:47	194.4	116.2		50.0	100.0	90.0	0	0
00:48	00:48	195.0	114.9		50.0	100.0	90.0	0	0
00:49	00:49	195.8	113.6		50.0	100.0	90.0	0	0
00:50	00:50	196.3	112.6		50.0	100.0	90.0	0	0
00:51	00:51	196.8	111.3		50.0	100.0	90.0	0	0
00:52	00:52	197.5	110.2		50.0	100.0	90.0	0	0
00:53	00:53	198.1	108.8		50.0	100.0	90.0	0	0
00:54	00:54	198.2	107.7		50.0	100.0	90.0	0	0
00:55	00:55	197.6	106.6		50.0	100.0	90.0	0	0
00:56	00:56	194.8	105.4		50.0	100.0	90.0	0	0
00:57	00:57	192.7	104.4		50.0	100.0	90.0	0	0
00:58	00:58	190.2	103.5		50.0	100.0	90.0	0	0
00:59	00:59	186.3	102.5		50.0	100.0	90.0	0	0
01:00	01:00	184.4	101.6		50.0	100.0	90.0	0	0
01:01	01:01	181.8	100.8		50.0	100.0	90.0	0	0
01:02	01:02	177.7	99.8		50.0	100.0	90.0	0	0
01:03	01:03	175.5	98.9		50.0	100.0	90.0	0	0
01:04	01:04	172.9	98.0		50.0	100.0	90.0	0	0
01:05	01:05	170.2	97.2		50.0	100.0	90.0	0	0
01:06	01:06	168.1	96.5		50.0	100.0	90.0	0	0
01:07	01:07	165.4	95.7		50.0	100.0	90.0	0	0
01:08	01:08	162.4	95.0		50.0	100.0	90.0	0	0
01:09	01:09	161.3	94.2		50.0	100.0	90.0	0	0
01:10	01:10	158.7	93.5		50.0	100.0	90.0	0	0
01:11	01:11	158.4	93.3		50.0	100.0	90.0	0	0
01:12	01:12	158.2	93.2		50.0	100.0	90.0	0	0
01:13	01:13	152.8	91.7		50.0	100.0	90.0	0	0
01:14	01:14	151.8	91.1		50.0	100.0	90.0	0	0
01:15	01:15	150.0	90.6		50.0	100.0	90.0	0	0
01:16	01:16	147.7	89.9		50.0	100.0	90.0	0	0
01:17	01:17	146.6	89.4		50.0	100.0	90.0	0	0
01:18	01:18	145.4	89.1		50.0	100.0	90.0	0	0
01:19	01:19	143.2	88.6		50.0	100.0	90.0	0	0
01:20	01:20	142.3	88.1		50.0	100.0	90.0	0	0
01:21	01:21	140.8	87.7		50.0	100.0	90.0	0	0
01:22	01:22	139.4	87.2		50.0	100.0	90.0	0	0
01:23	01:23	138.1	86.8		50.0	100.0	90.0	0	0
01:24	01:24	136.8	86.4		50.0	100.0	90.0	0	0
01:25	01:25	135.4	86.1		50.0	100.0	90.0	0	0
01:26	01:26	134.6	85.8		50.0	100.0	90.0	0	0
01:27	01:27	133.5	85.5		50.0	100.0	90.0	0	0
01:28	01:28	132.2	85.1		50.0	100.0	90.0	0	0
01:29	01:29	132.1	85.0		50.0	100.0	90.0	0	0
01:30	01:30	131.9	85.0		50.0	100.0	90.0	0	0
01:31	01:31	129.1	84.2		50.0	100.0	90.0	0	0
01:32	01:32	128.4	84.0		50.0	100.0	90.0	0	0
01:33	01:33	127.6	83.8		50.0	100.0	90.0	0	0
01:34	01:34	126.6	83.6		50.0	100.0	90.0	0	0
01:35	01:35	125.8	83.4		50.0	100.0	90.0	0	0
01:36	01:36	125.1	83.2		50.0	100.0	90.0	0	0
01:37	01:37	124.4	83.0		50.0	100.0	90.0	0	0
01:38	01:38	123.6	82.9		50.0	100.0	90.0	0	0
01:39	01:39	122.9	82.7		50.0	100.0	90.0	0	0
01:40	01:40	122.3	82.6		50.0	100.0	90.0	0	0
01:41	01:41	121.6	82.5		50.0	100.0	90.0	0	0
01:42	01:42	121.3	82.5		50.0	100.0	90.0	0	0
01:43	01:43	120.6	82.3		50.0	100.0	90.0	0	0
01:44	01:44	120.2	82.3		50.0	100.0	90.0	0	0
01:45	01:45	119.8	82.2		50.0	100.0	90.0	0	0
01:46	01:46	119.4	82.2		50.0	100.0	90.0	0	0
01:47	01:47	118.9	82.1		50.0	100.0	90.0	0	0
01:48	01:48	118.5	82.1		50.0	100.0	90.0	0	0
01:49	01:49	118.2	82.1		50.0	100.0	90.0	0	0
01:50	01:50	117.8	82.1		50.0	100.0	90.0	0	0
01:51	01:51	117.5	82.1		50.0	100.0	90.0	0	0
01:52	01:52	117.1	82.1		50.0	100.0	90.0	0	0
01:53	01:53	116.9	82.1		50.0	100.0	90.0	0	0
01:54	01:54	116.7	82.1		50.0	100.0	90.0	0	0
01:55	01:55	116.4	82.1		50.0	100.0	90.0	0	0
01:56	01:56	116.2	82.1		50.0	100.0	90.0	0	0
01:57	01:57	116.0	82.1	TP	50.0	100.0	90.0	0	0
01:58	01:58	115.8	82.2		50.0	100.0	90.0	0	0
01:59	01:59	115.7	82.3		50.0	100.0	90.0	0	0
02:00	02:00	115.5	82.4		50.0	100.0	90.0	0	0
02:01	02:01	115.4	82.5		50.0	100.0	90.0	0	0
02:02	02:02	115.3	82.5		50.0	100.0	90.0	0	0
02:03	02:03	115.2	82.7		50.0	100.0	90.0	0	0
02:04	02:04	115.1	82.8		50.0	100.0	90.0	0	0
02:05	02:05	115.0	82.9		50.0	100.0	90.0	0	0
02:06	02:06	115.0	83.0		50.0	100.0	90.0	0	0
02:07	02:07	114.9	83.1		50.0	100.0	90.0	0	0
02:08	02:08	114.9	83.2		50.0	100.0	90.0	0	0
02:09	02:09	114.9	83.3		50.0	100.0	90.0	0	0
02:10	02:10	114.9	83.5		50.0	100.0	90.0	0	0
02:11	02:11	114.9	83.6		50.0	100.0	90.0	0	0
02:12	02:12	114.9	83.7		50.0	100.0	90.0	0	0
02:13	02:13	114.9	83.7		50.0	100.0	90.0	0	0
02:14	02:14	114.9	84.1		50.0	100.0	90.0	0	0
02:15	02:15	114.9	84.3		50.0	100.0	90.0	0	0
02:16	02:16	115.0	84.4		50.0	100.0	90.0	0	0
02:17	02:17	115.0	84.6		50.0	100.0	90.0	0	0
02:18	02:18	115.1	84.7		50.0	100.0	90.0	0	0
02:19	02:19	115.2	84.9		50.0	100.0	90.0	0	0
02:20	02:20	115.3	85.1		50.0	100.0	90.0	0	0
02:21	02:21	115.5	85.4		50.0	100.0	90.0	0	0
02:22	02:22	115.6	85.5		50.0	100.0	90.0	0	0
02:23	02:23	115.7	85.7		50.0	100.0	90.0	0	0
02:24	02:24	115.8	85.9		50.0	100.0	90.0	0	0
02:25	02:25	115.9	86.1		50.0	100.0	90.0	0	0
02:26	02:26	116.0	86.3		50.0	100.0	90.0	0	0
02:27	02:27	116.2	86.6		50.0	100.0	90.0	0	0
02:28	02:28	116.4	86.8		50.0	100.0	90.0	0	0
02:29	02:29	116.5	87.0		50.0	100.0	90.0	0	0
02:30	02:30	116.7	87.2		50.0	100.0	90.0	0	0
02:31	02:31	116.8	87.5		50.0	100.0	90.0	0	0
02:32	02:32	116.9	87.7		50.0	100.0	90.0	0	0
02:33	02:33	117.2	87.9		50.0	100.0	90.0	0	0
02:34	02:34	117.3	88.2		50.0	100.0	90.0	0	0
02:35	02:35	117.5	88.4		50.0	100.0	90.0	0	0
02:36	02:36	117.7	88.6		50.0	100.0	90.0	0	0
02:37	02:37	117.9	88.9		50.0	100.0	90.0	0	0
02:38	02:38	118.1	89.2		50.0	100.0	90.0	0	0
02:39	02:39	118.3	89.4		50.0	100.0	90.0	0	0
02:40	02:40	118.5	89.7		50.0	100.0	90.0	0	0
02:41	02:41	118.7	90.0		50.0	100.0	90.0	0	0
02:42	02:42	118.8	90.2		50.0	100.0	90.0	0	0
02:43	02:43	119.1	90.5		50.0	100.0	90.0	0	0
02:44	02:44	119.2	90.8		50.0	100.0	90.0	0	0
02:45	02:45	119.5	91.1		50.0	100.0	90.0	0	0
02:46	02:46	119.7	91.4		50.0	100.0	90.0	0	0
02:47	02:47	119.9	91.7		50.0	100.0	90.0	0	0
02:48	02:48	120.1	91.9		50.0	100.0	90.0	0	0
02:49	02:49	120.3	92.2		50.0	100.0	90.0	0	0
02:50	02:50	120.3	92.3		50.0	100.0	90.0	0	0
02:51	02:51	120.4	92.3		50.0	100.0	90.0	0	0
02:52	02:52	120.4	92.4		50.0	100.0	90.0	0	0
02:53	02:53	121.1	93.3		50.0	100.0	90.0	0	0
02:54	02:54	121.3	93.6		50.0	100.0	90.0	0	0
02:55	02:55	121.5	93.9		50.0	100.0	90.0	0	0
02:56	02:56	121.8	94.1		50.0	100.0	90.0	0	0
02:57	02:57	122.1	94.5		50.0	100.0	90.0	0	0
02:58	02:58	122.3	94.8		50.0	100.0	90.0	0	0
02:59	02:59	122.5	95.1		50.0	100.0	90.0	0	0
03:00	03:00	122.8	95.4		50.0	100.0	90.0	0	0
03:01	03:01	123.1	95.7		50.0	100.0	90.0	0	0
03:02	03:02	123.3	96.0		50.0	100.0	90.0	0	0
03:03	03:03	123.6	96.3		50.0	100.0	90.0	0	0
03:04	03:04	123.8	96.6		50.0	100.0	90.0	0	0
03:05	03:05	124.0	96.9		50.0	100.0	90.0	0	0
03:06	03:06	124.3	97.2		50.0	100.0	90.0	0	0
03:07	03:07	124.5	97.5		50.0	100.0	90.0	0	0
03:08	03:08	124.7	97.8		50.0	100.0	90.0	0	0
03:09	03:09	125.0	98.1		50.0	100.0	90.0	0	0
03:10	03:10	125.2	98.4		50.0	100.0	90.0	0	0
03:11	03:11	125.4	98.7		50.0	100.0	90.0	0	0
03:12	03:12	125.7	99.0		50.0	100.0	90.0	0	0
03:13	03:13	126.0	99.4		50.0	100.0	90.0	0	0
03:14	03:14	126.2	99.6		50.0	100.0	90.0	0	0
03:15	03:15	126.5	99.9		50.0	100.0	90.0	0	0
03:16	03:16	126.7	100.3		50.0	100.0	90.0	0	0
03:17	03:17	126.9	100.6		50.0	100.0	90.0	0	0
03:18	03:18	127.1	100.8		50.0	100.0	90.0	0	0
03:19	03:19	127.4	101.1		50.0	100.0	90.0	0	0
03:20	03:20	127.6	101.4		50.0	100.0	90.0	0	0
03:21	03:21	127.8	101.7		50.0	100.0	90.0	0	0
03:22	03:22	128.1	102.0		50.0	100.0	90.0	0	0
03:23	03:23	128.3	102.4		50.0	100.0	90.0	0	0
03:24	03:24	128.5	102.7		50.0	100.0	90.0	0	0
03:25	03:25	128.7	102.9		50.0	100.0	90.0	0	0
03:26	03:26	128.9	103.3		50.0	100.0	90.0	0	0
03:27	03:27	129.2	103.7		50.0	100.0	90.0	0	0
03:28	03:28	129.4	103.9		50.0	100.0	90.0	0	0
03:29	03:29	129.7	104.2		50.0	100.0	90.0	0	0
03:30	03:30	129.9	104.5		50.0	100.0	90.0	0	0
03:31	03:31	130.1	104.8		50.0	100.0	90.0	0	0
03:32	03:32	130.3	105.1		50.0	100.0	90.0	0	0
03:33	03:33	130.6	105.4		50.0	100.0	90.0	0	0
03:34	03:34	130.7	105.7		50.0	100.0	90.0	0	0
03:35	03:35	131.0	106.0		50.0	100.0	90.0	0	0
03:36	03:36	131.2	106.3		50.0	100.0	90.0	0	0
03:37	03:37	131.4	106.7		50.0	100.0	90.0	0	0
03:38	03:38	131.7	107.0		50.0	100.0	90.0	0	0
03:39	03:39	131.9	107.3		50.0	100.0	90.0	0	0
03:40	03:40	132.1	107.6		50.0	100.0	90.0	0	0
03:41	03:41	132.3	107.9		50.0	100.0	90.0	0	0
03:42	03:42	132.5	108.2		50.0	100.0	90.0	0	0
03:43	03:43	132.8	108.5		50.0	100.0	90.0	0	0
03:44	03:44	132.9	108.8		50.0	100.0	90.0	0	0
03:45	03:45	133.2	109.1		50.0	100.0	90.0	0	0
03:46	03:46	133.4	109.4		50.0	100.0	90.0	0	0
03:47	03:47	133.7	109.8		50.0	100.0	90.0	0	0
03:48	03:48	133.9	110.0		50.0	100.0	90.0	0	0
03:49	03:49	134.1	110.4		50.0	100.0	90.0	0	0
03:50	03:50	134.3	110.7		50.0	100.0	90.0	0	0
03:51	03:51	134.5	111.0		50.0	100.0	90.0	0	0
03:52	03:52	134.8	111.3		50.0	100.0	90.0	0	0
03:53	03:53	135.0	111.6		50.0	100.0	90.0	0	0
03:54	03:54	135.2	111.9		50.0	100.0	90.0	0	0
03:55	03:55	135.4	112.2		50.0	100.0	90.0	0	0
03:56	03:56	135.6	112.5		50.0	100.0	90.0	0	0
03:57	03:57	135.7	112.7		50.0	100.0	90.0	0	0
03:58	03:58	136.0	113.1		50.0	100.0	90.0	0	0
03:59	03:59	136.2	113.4		50.0	100.0	90.0	0	0
04:00	04:00	136.4	113.6		50.0	100.0	90.0	0	0
04:01	04:01	136.7	114.0		50.0	100.0	90.0	0	0
04:02	04:02	136.9	114.3		50.0	100.0	90.0	0	0
04:03	04:03	137.1	114.6		50.0	100.0	90.0	0	0
04:04	04:04	137.4	114.9		50.0	100.0	90.0	0	0
04:05	04:05	137.6	115.3		50.0	100.0	90.0	0	0
04:06	04:06	137.8	115.5		50.0	100.0	90.0	0	0
04:07	04:07	138.0	115.8		50.0	100.0	90.0	0	0
04:08	04:08	138.1	116.1		50.0	100.0	90.0	0	0
04:09	04:09	138.3	116.4		50.0	100.0	90.0	0	0
04:10	04:10	138.4	116.7		50.0	100.0	90.0	0	0
04:11	04:11	138.6	116.9		50.0	100.0	90.0	0	0
04:12	04:12	138.8	117.3		50.0	100.0	90.0	0	0
04:13	04:13	139.0	117.6		50.0	100.0	90.0	0	0
04:14	04:14	139.2	117.8		50.0	100.0	90.0	0	0
04:15	04:15	139.4	118.1		50.0	100.0	90.0	0	0
04:16	04:16	139.6	118.5		50.0	100.0	90.0	0	0
04:17	04:17	139.8	118.8		50.0	100.0	90.0	0	0
04:18	04:18	140.0	119.1		50.0	100.0	90.0	0	0
04:19	04:19	140.2	119.4		50.0	100.0	90.0	0	0
04:20	04:20	140.4	119.6		50.0	100.0	90.0	0	0
04:21	04:21	140.6	119.9		50.0	100.0	90.0	0	0
04:22	04:22	140.8	120.2		50.0	100.0	90.0	0	0
04:23	04:23	141.0	120.4		50.0	100.0	90.0	0	0
04:24	04:24	141.2	120.7		50.0	100.0	90.0	0	0
04:25	04:25	141.4	121.0		50.0	100.0	90.0	0	0
04:26	04:26	141.6	121.3		50.0	100.0	90.0	0	0
04:27	04:27	141.9	121.5		50.0	100.0	90.0	0	0
04:28	04:28	142.0	121.9		50.0	100.0	90.0	0	0
04:29	04:29	142.2	122.1		50.0	100.0	90.0	0	0
04:30	04:30	142.5	122.4		50.0	100.0	90.0	0	0
04:31	04:31	142.7	122.8		50.0	100.0	90.0	0	0
04:32	04:32	142.9	123.1		50.0	100.0	90.0	0	0
04:33	04:33	143.1	123.4		50.0	100.0	90.0	0	0
04:34	04:34	143.3	123.6		50.0	100.0	90.0	0	0
04:35	04:35	143.5	124.0		50.0	100.0	90.0	0	0
04:36	04:36	143.7	124.2		50.0	100.0	90.0	0	0
04:37	04:37	143.9	124.5		50.0	100.0	90.0	0	0
04:38	04:38	144.1	124.8		50.0	100.0	90.0	0	0
04:39	04:39	144.3	125.1		50.0	100.0	90.0	0	0
04:40	04:40	144.6	125.3		50.0	100.0	90.0	0	0
04:41	04:41	144.8	125.7		50.0	100.0	90.0	0	0
04:42	04:42	145.0	125.9		50.0	100.0	90.0	0	0
04:43	04:43	145.2	126.2		50.0	100.0	90.0	0	0
04:44	04:44	145.4	126.5		50.0	100.0	90.0	0	0
04:45	04:45	145.6	126.8		50.0	100.0	90.0	0	0
04:46	04:46	145.8	127.0		50.0	100.0	90.0	0	0
04:47	04:47	146.0	127.3		50.0	100.0	90.0	0	0
04:48	04:48	146.2	127.6		50.0	100.0	90.0	0	0
04:49	04:49	146.4	127.8		50.0	100.0	90.0	0	0
04:50	04:50	146.7	128.1		50.0	100.0	90.0	0	0
04:51	04:51	146.9	128.4		50.0	100.0	90.0	0	0
04:52	04:52	147.0	128.7		50.0	100.0	90.0	0	0
04:53	04:53	147.3	128.9		50.0	100.0	90.0	0	0
04:54	04:54	147.6	129.2		50.0	100.0	90.0	0	0
04:55	04:55	147.7	129.4		50.0	100.0	90.0	0	0
04:56	04:56	147.9	129.8		50.0	100.0	90.0	0	0
04:57	04:57	148.2	130.0		50.0	100.0	90.0	0	0
04:58	04:58	148.4	130.3		50.0	100.0	90.0	0	0
04:59	04:59	148.6	130.6		50.0	100.0	90.0	0	0
05:00	05:00	148.8	130.8		50.0	100.0	90.0	0	0
05:01	05:01	149.0	131.1		50.0	100.0	90.0	0	0
05:02	05:02	149.1	131.4		50.0	100.0	90.0	0	0
05:03	05:03	149.4	131.6		50.0	100.0	90.0	0	0
05:04	05:04	149.5	131.9		50.0	100.0	90.0	0	0
05:05	05:05	149.7	132.2		50.0	100.0	90.0	0	0
05:06	05:06	150.0	132.4		50.0	100.0	90.0	0	0
05:07	05:07	150.1	132.7		50.0	100.0	90.0	0	0
05:08	05:08	150.3	132.9		50.0	100.0	90.0	0	0
05:09	05:09	150.5	133.2		50.0	100.0	90.0	0	0
05:10	05:10	150.7	133.5		50.0	100.0	90.0	0	0
05:11	05:11	150.9	133.8		50.0	100.0	90.0	0	0
05:12	05:12	151.1	134.0		50.0	100.0	90.0	0	0
05:13	05:13	151.3	134.2		50.0	100.0	90.0	0	0
05:14	05:14	151.5	134.5		50.0	100.0	90.0	0	0
05:15	05:15	151.6	134.7		50.0	100.0	90.0	0	0
05:16	05:16	151.9	135.0		50.0	100.0	90.0	0	0
05:17	05:17	152.0	135.3		50.0	100.0	90.0	0	0
05:18	05:18	152.2	135.5		50.0	100.0	90.0	0	0
05:19	05:19	152.4	135.7		50.0	100.0	90.0	0	0
05:20	05:20	152.6	136.0		50.0	100.0	90.0	0	0
05:21	05:21	152.7	136.2		50.0	100.0	90.0	0	0
05:22	05:22	152.9	136.4		50.0	100.0	90.0	0	0
05:23	05:23	153.2	136.7		50.0	100.0	90.0	0	0
05:24	05:24	153.3	137.0		50.0	100.0	90.0	0	0
05:25	05:25	153.5	137.2		50.0	100.0	90.0	0	0
05:26	05:26	153.7	137.5		50.0	100.0	90.0	0	0
05:27	05:27	153.9	137.7		50.0	100.0	90.0	0	0
05:28	05:28	154.1	138.0		50.0	100.0	90.0	0	0
05:29	05:29	154.3	138.2		50.0	100.0	90.0	0	0
05:30	05:30	154.5	138.4		50.0	100.0	90.0	0	0
05:31	05:31	154.6	138.4		50.0	100.0	90.0	0	0
05:32	05:32	154.6	138.5		50.0	100.0	90.0	0	0
05:33	05:33	155.0	139.1		50.0	100.0	90.0	0	0
05:34	05:34	155.2	139.3		50.0	100.0	90.0	0	0
05:35	05:35	155.4	139.5		50.0	100.0	90.0	0	0
05:36	05:36	155.6	139.8		50.0	100.0	90.0	0	0
05:37	05:37	155.7	140.0		50.0	100.0	90.0	0	0
05:38	05:38	156.0	140.3		50.0	100.0	90.0	0	0
05:39	05:39	156.2	140.5		50.0	100.0	90.0	0	0
05:40	05:40	156.4	140.8		50.0	100.0	90.0	0	0
05:41	05:41	156.6	141.0		50.0	100.0	90.0	0	0
05:42	05:42	156.8	141.2		50.0	100.0	90.0	0	0
05:43	05:43	156.9	141.5		50.0	100.0	90.0	0	0
05:44	05:44	157.1	141.7		50.0	100.0	90.0	0	0
05:45	05:45	157.3	141.9		50.0	100.0	90.0	0	0
05:46	05:46	157.4	142.2		50.0	100.0	90.0	0	0
05:47	05:47	157.6	142.4		50.0	100.0	90.0	0	0
05:48	05:48	157.8	142.6		50.0	100.0	90.0	0	0
05:49	05:49	158.0	142.8		50.0	100.0	90.0	0	0
05:50	05:50	158.1	143.1		50.0	100.0	90.0	0	0
05:51	05:51	158.3	143.3		50.0	100.0	90.0	0	0
05:52	05:52	158.4	143.5		50.0	100.0	90.0	0	0
05:53	05:53	158.7	143.8		50.0	100.0	90.0	0	0
05:54	05:54	158.8	144.0		50.0	100.0	90.0	0	0
05:55	05:55	159.0	144.2		50.0	100.0	90.0	0	0
05:56	05:56	159.2	144.4		50.0	100.0	90.0	0	0
05:57	05:57	159.3	144.7		50.0	100.0	90.0	0	0
05:58	05:58	159.5	144.9		50.0	100.0	90.0	0	0
05:59	05:59	159.7	145.1		50.0	100.0	90.0	0	0
06:00	06:00	159.8	145.3		50.0	100.0	90.0	0	0
06:01	06:01	160.0	145.5		50.0	100.0	90.0	0	0
06:02	06:02	160.2	145.8		50.0	100.0	90.0	0	0
06:03	06:03	160.4	146.0		50.0	100.0	90.0	0	0
06:04	06:04	160.5	146.2		50.0	100.0	90.0	0	0
06:05	06:05	160.7	146.5		50.0	100.0	90.0	0	0
06:06	06:06	160.8	146.7		50.0	100.0	90.0	0	0
06:07	06:07	160.9	146.9		50.0	100.0	90.0	0	0
06:08	06:08	161.1	147.1		50.0	100.0	90.0	0	0
06:09	06:09	161.3	147.4		50.0	100.0	90.0	0	0
06:10	06:10	161.4	147.6		50.0	100.0	90.0	0	0
06:11	06:11	161.6	147.9		50.0	100.0	90.0	0	0
06:12	06:12	161.8	148.1		50.0	100.0	90.0	0	0
06:13	06:13	161.9	148.3		50.0	100.0	90.0	0	0
06:14	06:14	162.1	148.5		50.0	100.0	90.0	0	0
06:15	06:15	162.2	148.6		50.0	100.0	90.0	0	0
06:16	06:16	162.2	148.6		50.0	100.0	90.0	0	0
06:17	06:17	162.3	148.7		50.0	100.0	90.0	0	0
06:18	06:18	162.8	149.4		50.0	100.0	90.0	0	0
06:19	06:19	162.9	149.6		50.0	100.0	90.0	0	0
06:20	06:20	163.1	149.9		50.0	100.0	90.0	0	0
06:21	06:21	163.3	150.1		50.0	100.0	90.0	0	0
06:22	06:22	163.5	150.3		50.0	100.0	90.0	0	0
06:23	06:23	163.7	150.5		50.0	100.0	90.0	0	0
06:24	06:24	163.9	150.7		50.0	100.0	90.0	0	0
06:25	06:25	164.0	151.0		50.0	100.0	90.0	0	0
06:26	06:26	164.2	151.2		50.0	100.0	90.0	0	0
06:27	06:27	164.3	151.4		50.0	100.0	90.0	0	0
06:28	06:28	164.5	151.7		50.0	100.0	90.0	0	0
06:29	06:29	164.7	151.9		50.0	100.0	90.0	0	0
06:30	06:30	164.8	152.1		50.0	100.0	90.0	0	0
06:31	06:31	165.0	152.3		50.0	100.0	90.0	0	0
06:32	06:32	165.2	152.6		50.0	100.0	90.0	0	0
06:33	06:33	165.3	152.8		50.0	50.0	90.0	0	0
06:34	06:34	165.5	153.0		50.0	50.0	90.0	0	0
06:35	06:35	165.7	153.2		50.0	50.0	90.0	0	0
06:36	06:36	165.9	153.4		50.0	50.0	90.0	0	0
06:37	06:37	166.0	153.6		50.0	50.0	90.0	0	0
06:38	06:38	166.2	153.8		50.0	50.0	90.0	0	0
06:39	06:39	166.3	154.1		50.0	50.0	90.0	0	0
06:40	06:40	166.5	154.3		50.0	50.0	90.0	0	0
06:41	06:41	166.6	154.4		50.0	50.0	90.0	0	0
06:42	06:42	166.8	154.7		50.0	50.0	90.0	0	0
06:43	06:43	166.9	154.9	DRY End	50.0	50.0	90.0	0	0
06:44	06:44	167.1	155.1		50.0	50.0	90.0	0	0
06:45	06:45	167.2	155.4		50.0	50.0	90.0	0	0
06:46	06:46	167.3	155.5		50.0	50.0	90.0	0	0
06:47	06:47	167.4	155.7		50.0	50.0	90.0	0	0
06:48	06:48	167.6	156.0		50.0	50.0	90.0	0	0
06:49	06:49	167.8	156.2		70.0	50.0	90.0	0	0
06:50	06:50	167.9	156.4		70.0	50.0	90.0	0	0
06:51	06:51	168.1	156.6		70.0	50.0	90.0	0	0
06:52	06:52	168.2	156.8		70.0	50.0	90.0	0	0
06:53	06:53	168.3	157.0		70.0	50.0	90.0	0	0
06:54	06:54	168.5	157.2		70.0	40.0	90.0	0	0
06:55	06:55	168.7	157.5		70.0	40.0	90.0	0	0
06:56	06:56	168.9	157.6		70.0	40.0	90.0	0	0
06:57	06:57	169.2	157.9		70.0	40.0	90.0	0	0
06:58	06:58	169.4	158.1		70.0	40.0	90.0	0	0
06:59	06:59	169.6	158.4		70.0	40.0	90.0	0	0
07:00	07:00	169.8	158.6		70.0	40.0	90.0	0	0
07:01	07:01	170.1	158.8		70.0	40.0	90.0	0	0
07:02	07:02	170.3	159.1		70.0	40.0	90.0	0	0
07:03	07:03	170.5	159.3		70.0	40.0	90.0	0	0
07:04	07:04	170.8	159.5		70.0	40.0	90.0	0	0
07:05	07:05	170.9	159.8		70.0	40.0	90.0	0	0
07:06	07:06	171.1	160.0		70.0	40.0	90.0	0	0
07:07	07:07	171.3	160.2		70.0	40.0	90.0	0	0
07:08	07:08	171.5	160.4		70.0	40.0	90.0	0	0
07:09	07:09	171.6	160.6		70.0	40.0	90.0	0	0
07:10	07:10	171.8	160.8		70.0	40.0	90.0	0	0
07:11	07:11	172.0	161.1		70.0	40.0	90.0	0	0
07:12	07:12	172.1	161.3		70.0	40.0	90.0	0	0
07:13	07:13	172.3	161.5		70.0	40.0	90.0	0	0
07:14	07:14	172.5	161.8		70.0	40.0	90.0	0	0
07:15	07:15	172.6	162.0		70.0	40.0	90.0	0	0
07:16	07:16	172.8	162.2		70.0	40.0	90.0	0	0
07:17	07:17	172.9	162.4		70.0	40.0	90.0	0	0
07:18	07:18	173.1	162.6		70.0	40.0	90.0	0	0
07:19	07:19	173.2	162.8		70.0	40.0	90.0	0	0
07:20	07:20	173.4	163.0		70.0	40.0	90.0	0	0
07:21	07:21	173.6	163.2		70.0	40.0	90.0	0	0
07:22	07:22	173.7	163.4		70.0	40.0	90.0	0	0
07:23	07:23	173.8	163.6		70.0	30.0	90.0	0	0
07:24	07:24	174.0	163.8		70.0	30.0	90.0	0	0
07:25	07:25	174.1	164.1		70.0	30.0	90.0	0	0
07:26	07:26	174.3	164.3		70.0	30.0	90.0	0	0
07:27	07:27	174.4	164.4		70.0	30.0	90.0	0	0
07:28	07:28	174.6	164.7		70.0	30.0	90.0	0	0
07:29	07:29	174.7	164.8		70.0	30.0	90.0	0	0
07:30	07:30	174.8	165.0		70.0	30.0	90.0	0	0
07:31	07:31	174.9	165.2		70.0	30.0	90.0	0	0
07:32	07:32	175.0	165.4		70.0	30.0	90.0	0	0
07:33	07:33	175.2	165.6		70.0	30.0	90.0	0	0
07:34	07:34	175.3	165.8		70.0	30.0	90.0	0	0
07:35	07:35	175.4	166.0		70.0	30.0	90.0	0	0
07:36	07:36	175.5	166.1		70.0	30.0	90.0	0	0
07:37	07:37	175.6	166.3		70.0	30.0	90.0	0	0
07:38	07:38	175.7	166.5		70.0	30.0	90.0	0	0
07:39	07:39	175.8	166.7		70.0	30.0	90.0	0	0
07:40	07:40	175.9	166.8		70.0	30.0	90.0	0	0
07:41	07:41	176.0	167.1		70.0	30.0	90.0	0	0
07:42	07:42	176.1	167.3		70.0	30.0	90.0	0	0
07:43	07:43	176.2	167.4		70.0	30.0	90.0	0	0
07:44	07:44	176.3	167.6		70.0	30.0	90.0	0	0
07:45	07:45	176.4	167.9		70.0	30.0	90.0	0	0
07:46	07:46	176.5	168.1		70.0	40.0	90.0	0	0
07:47	07:47	176.6	168.3		70.0	40.0	90.0	0	0
07:48	07:48	176.7	168.4		70.0	40.0	90.0	0	0
07:49	07:49	176.8	168.6		70.0	40.0	90.0	0	0
07:50	07:50	176.9	168.7		70.0	40.0	90.0	0	0
07:51	07:51	177.0	168.9		70.0	40.0	90.0	0	0
07:52	07:52	177.1	169.1		70.0	40.0	90.0	0	0
07:53	07:53	177.3	169.3		70.0	40.0	90.0	0	0
07:54	07:54	177.3	169.5		70.0	40.0	90.0	0	0
07:55	07:55	177.4	169.7		70.0	40.0	90.0	0	0
07:56	07:56	177.6	169.8		70.0	40.0	90.0	0	0
07:57	07:57	177.7	170.0		70.0	40.0	90.0	0	0
07:58	07:58	177.8	170.1		70.0	40.0	90.0	0	0
07:59	07:59	177.9	170.3		70.0	40.0	90.0	0	0
08:00	08:00	178.0	170.5		70.0	40.0	90.0	0	0
08:01	08:01	178.1	170.6		70.0	40.0	90.0	0	0
08:02	08:02	178.3	170.8		70.0	40.0	90.0	0	0
08:03	08:03	178.4	171.0		70.0	40.0	90.0	0	0
08:04	08:04	178.5	171.2		70.0	40.0	90.0	0	0
08:05	08:05	178.7	171.3		70.0	40.0	90.0	0	0
08:06	08:06	178.8	171.5		70.0	40.0	90.0	0	0
08:07	08:07	178.8	171.5		70.0	40.0	90.0	0	0
08:08	08:08	178.9	171.6		70.0	40.0	90.0	0	0
08:09	08:09	178.9	171.6		70.0	40.0	90.0	0	0
08:10	08:10	179.3	172.1		70.0	40.0	90.0	0	0
08:11	08:11	179.4	172.3		70.0	40.0	90.0	0	0
08:12	08:12	179.6	172.5		70.0	40.0	90.0	0	0
08:13	08:13	179.7	172.6		70.0	40.0	90.0	0	0
08:14	08:14	179.8	172.8		70.0	40.0	90.0	0	0
08:15	08:15	179.9	173.0		70.0	40.0	90.0	0	0
08:16	08:16	180.0	173.1		70.0	40.0	90.0	0	0
08:17	08:17	180.2	173.3		70.0	40.0	90.0	0	0
08:18	08:18	180.3	173.4		70.0	40.0	90.0	0	0
08:19	08:19	180.4	173.6		70.0	40.0	90.0	0	0
08:20	08:20	180.5	173.8		70.0	40.0	90.0	0	0
08:21	08:21	180.7	173.9		70.0	40.0	90.0	0	0
08:22	08:22	180.8	174.0		70.0	40.0	90.0	0	0
08:23	08:23	180.9	174.2		70.0	40.0	90.0	0	0
08:24	08:24	181.1	174.4		70.0	40.0	90.0	0	0
08:25	08:25	181.2	174.5		70.0	40.0	90.0	0	0
08:26	08:26	181.3	174.7		70.0	40.0	90.0	0	0
08:27	08:27	181.5	174.9		70.0	40.0	90.0	0	0
08:28	08:28	181.6	175.0		70.0	40.0	90.0	0	0
08:29	08:29	181.8	175.2		70.0	50.0	90.0	0	0
08:30	08:30	181.8	175.3		70.0	50.0	90.0	0	0
08:31	08:31	181.9	175.3		70.0	50.0	90.0	0	0
08:32	08:32	181.9	175.4		70.0	50.0	90.0	0	0
08:33	08:33	182.3	175.8		70.0	50.0	90.0	0	0
08:34	08:34	182.4	176.1		70.0	50.0	90.0	0	0
08:35	08:35	182.5	176.2		70.0	50.0	90.0	0	0
08:36	08:36	182.7	176.3		70.0	50.0	90.0	0	0
08:37	08:37	182.8	176.5		70.0	50.0	90.0	0	0
08:38	08:38	182.9	176.7		70.0	50.0	90.0	0	0
08:39	08:39	183.1	176.8		70.0	50.0	90.0	0	0
08:40	08:40	183.2	177.0		70.0	50.0	90.0	0	0
08:41	08:41	183.4	177.2		70.0	50.0	90.0	0	0
08:42	08:42	183.5	177.3		70.0	50.0	90.0	0	0
08:43	08:43	183.6	177.5		70.0	50.0	90.0	0	0
08:44	08:44	183.8	177.7		70.0	50.0	90.0	0	0
08:45	08:45	184.0	177.9		70.0	50.0	90.0	0	0
08:46	08:46	184.1	178.0		70.0	50.0	90.0	0	0
08:47	08:47	184.2	178.2		70.0	50.0	90.0	0	0
08:48	08:48	184.4	178.3		70.0	50.0	90.0	0	0
08:49	08:49	184.5	178.5		70.0	50.0	90.0	0	0
08:50	08:50	184.7	178.7		70.0	50.0	90.0	0	0
08:51	08:51	184.8	178.8		70.0	50.0	90.0	0	0
08:52	08:52	184.9	179.0		70.0	50.0	90.0	0	0
08:53	08:53	185.1	179.2		70.0	50.0	90.0	0	0
08:54	08:54	185.2	179.3		70.0	50.0	90.0	0	0
08:55	08:55	185.3	179.5		70.0	50.0	90.0	0	0
08:56	08:56	185.4	179.7		70.0	50.0	90.0	0	0
08:57	08:57	185.6	179.8		70.0	45.0	90.0	0	0
08:58	08:58	185.7	180.0		70.0	45.0	90.0	0	0
08:59	08:59	185.8	180.1		70.0	45.0	90.0	0	0
09:00	09:00	185.9	180.3		70.0	45.0	90.0	0	0
09:01	09:01	186.1	180.5		70.0	45.0	90.0	0	0
09:02	09:02	186.2	180.7		70.0	45.0	90.0	0	0
09:03	09:03	186.3	180.8		70.0	45.0	90.0	0	0
09:04	09:04	186.5	181.0		70.0	45.0	90.0	0	0
09:05	09:05	186.6	181.2		70.0	45.0	90.0	0	0
09:06	09:06	186.7	181.4		70.0	45.0	90.0	0	0
09:07	09:07	186.8	181.5		70.0	45.0	90.0	0	0
09:08	09:08	187.0	181.7		70.0	30.0	90.0	0	0
09:09	09:09	187.1	181.9		70.0	30.0	90.0	0	0
09:10	09:10	187.2	182.0		70.0	30.0	90.0	0	0
09:11	09:11	187.3	182.2		70.0	30.0	90.0	0	0
09:12	09:12	187.4	182.4		70.0	30.0	90.0	0	0
09:13	09:13	187.6	182.5		70.0	30.0	90.0	0	0
09:14	09:14	187.7	182.7		70.0	30.0	90.0	0	0
09:15	09:15	187.8	182.9		70.0	30.0	90.0	0	0
09:16	09:16	187.9	183.0		70.0	30.0	90.0	0	0
09:17	09:17	188.0	183.2		70.0	30.0	90.0	0	0
09:18	09:18	188.1	183.4		70.0	30.0	90.0	0	0
09:19	09:19	188.2	183.5		70.0	30.0	90.0	0	0
09:20	09:20	188.2	183.7		70.0	30.0	90.0	0	0
09:21	09:21	188.3	183.9		70.0	30.0	90.0	0	0
09:22	09:22	188.4	184.1		70.0	30.0	90.0	0	0
09:23	09:23	188.5	184.2		70.0	30.0	90.0	0	0
09:24	09:24	188.6	184.4		70.0	30.0	90.0	0	0
09:25	09:25	188.7	184.6		70.0	20.0	90.0	0	0
09:26	09:26	188.7	184.8		70.0	20.0	90.0	0	0
09:27	09:27	188.8	184.9		70.0	20.0	90.0	0	0
09:28	09:28	188.8	185.0		70.0	20.0	90.0	0	0
09:29	09:29	188.9	185.2		70.0	20.0	90.0	0	0
09:30	09:30	188.9	185.4		70.0	20.0	90.0	0	0
09:31	09:31	189.0	185.5		70.0	20.0	90.0	0	0
09:32	09:32	189.1	185.7		70.0	20.0	90.0	0	0
09:33	09:33	189.2	185.9		70.0	20.0	90.0	0	0
09:34	09:34	189.2	186.0		70.0	20.0	90.0	0	0
09:35	09:35	189.2	186.2		70.0	20.0	90.0	0	0
09:36	09:36	189.3	186.3		70.0	20.0	90.0	0	0
09:37	09:37	189.3	186.4		70.0	20.0	90.0	0	0
09:38	09:38	189.4	186.6		70.0	20.0	90.0	0	0
09:39	09:39	189.4	186.8		70.0	20.0	90.0	0	0
09:40	09:40	189.5	186.9		70.0	20.0	90.0	0	0
09:41	09:41	189.5	187.0		70.0	20.0	90.0	0	0
09:42	09:42	189.6	187.2		70.0	20.0	90.0	0	0
09:43	09:43	189.6	187.4		70.0	20.0	90.0	0	0
09:44	09:44	189.7	187.5		70.0	20.0	90.0	0	0
09:45	09:45	189.7	187.6		70.0	20.0	90.0	0	0
09:46	09:46	189.8	187.8		70.0	20.0	90.0	0	0
09:47	09:47	189.8	188.0		70.0	20.0	90.0	0	0
09:48	09:48	189.9	188.1		70.0	20.0	90.0	0	0
09:49	09:49	189.9	188.3		70.0	20.0	90.0	0	0
09:50	09:50	189.9	188.4		70.0	20.0	90.0	0	0
09:51	09:51	190.0	188.5		70.0	20.0	90.0	0	0
09:52	09:52	190.0	188.7		70.0	20.0	90.0	0	0
09:53	09:53	190.1	188.8		70.0	20.0	90.0	0	0
09:54	09:54	190.2	189.0		70.0	20.0	90.0	0	0
09:55	09:55	190.3	189.1		70.0	20.0	90.0	0	0
09:56	09:56	190.3	189.2		70.0	10.0	90.0	0	0
09:57	09:57	190.4	189.4		70.0	10.0	90.0	0	0
09:58	09:58	190.4	189.5		70.0	10.0	90.0	0	0
09:59	09:59	190.5	189.7		70.0	10.0	90.0	0	0
10:00	10:00	190.5	189.8		70.0	10.0	90.0	0	0
10:01	10:01	190.6	189.9		70.0	10.0	90.0	0	0
10:02	10:02	190.6	190.1		70.0	10.0	90.0	0	0
10:03	10:03	190.7	190.2		70.0	10.0	90.0	0	0
10:04	10:04	190.7	190.3		70.0	10.0	90.0	0	0
10:05	10:05	190.8	190.4		70.0	10.0	90.0	0	0
10:06	10:06	190.8	190.6		70.0	10.0	90.0	0	0
10:07	10:07	190.8	190.7		70.0	10.0	90.0	0	0
10:08	10:08	190.8	190.9		70.0	10.0	90.0	0	0
10:09	10:09	190.8	191.0		70.0	10.0	90.0	0	0
10:10	10:10	190.8	191.1		70.0	10.0	90.0	0	0
10:11	10:11	190.8	191.3		70.0	10.0	90.0	0	0
10:12	10:12	190.8	191.4		70.0	10.0	90.0	0	0
10:13	10:13	190.8	191.5		70.0	10.0	90.0	0	0
10:14	10:14	190.9	191.6		70.0	10.0	90.0	0	0
10:15	10:15	190.9	191.7		70.0	10.0	90.0	0	0
10:16	10:16	190.9	191.9		70.0	10.0	90.0	0	0
10:17	10:17	190.9	192.0		70.0	10.0	90.0	0	0
10:18	10:18	191.0	192.1		70.0	10.0	90.0	0	0
10:19	10:19	191.0	192.2		70.0	10.0	90.0	0	0
10:20	10:20	191.0	192.4		70.0	10.0	90.0	0	0
10:21	10:21	191.0	192.5		70.0	10.0	90.0	0	0
10:22	10:22	191.1	192.6		70.0	10.0	90.0	0	0
10:23	10:23	191.1	192.7		70.0	10.0	90.0	0	0
10:24	10:24	191.1	192.8		70.0	10.0	90.0	0	0
10:25	10:25	191.2	192.9		70.0	10.0	90.0	0	0
10:26	10:26	191.2	193.1		70.0	10.0	90.0	0	0
10:27	10:27	191.3	193.2		70.0	10.0	90.0	0	0
10:28	10:28	191.3	193.3		70.0	10.0	90.0	0	0
10:29	10:29	191.3	193.3		70.0	10.0	90.0	0	0
10:30	10:30	191.3	193.4		70.0	10.0	90.0	0	0
10:31	10:31	191.3	193.4		70.0	10.0	90.0	0	0
10:32	10:32	191.4	193.8		70.0	10.0	90.0	0	0
10:33	10:33	191.5	193.9		70.0	10.0	90.0	0	0
10:34	10:34	191.5	194.0		70.0	10.0	90.0	0	0
10:35	10:35	191.5	194.1		70.0	10.0	90.0	0	0
10:36	10:36	191.6	194.2		70.0	10.0	90.0	0	0
10:37	10:37	191.6	194.3		70.0	10.0	90.0	0	0
10:38	10:38	191.6	194.4		70.0	10.0	90.0	0	0
10:39	10:39	191.7	194.6		70.0	10.0	90.0	0	0
10:40	10:40	191.7	194.7		70.0	10.0	90.0	0	0
10:41	10:41	191.7	194.8		70.0	10.0	90.0	0	0
10:42	10:42	191.8	194.9	FCs	70.0	10.0	90.0	0	0
10:43	10:43	191.9	195.0		70.0	10.0	90.0	0	0
10:44	10:44	191.9	195.1		70.0	10.0	90.0	0	0
10:45	10:45	192.0	195.2		70.0	10.0	90.0	0	0
10:46	10:46	192.0	195.3		70.0	10.0	90.0	0	0
10:47	10:47	192.1	195.4		70.0	10.0	90.0	0	0
10:48	10:48	192.1	195.6		70.0	10.0	90.0	0	0
10:49	10:49	192.1	195.6		70.0	10.0	90.0	0	0
10:50	10:50	192.2	195.7		70.0	10.0	90.0	0	0
10:51	10:51	192.2	195.8		70.0	10.0	90.0	0	0
10:52	10:52	192.3	195.9		70.0	10.0	90.0	0	0
10:53	10:53	192.3	196.0		70.0	10.0	90.0	0	0
10:54	10:54	192.4	196.1		70.0	10.0	90.0	0	0
10:55	10:55	192.4	196.2		70.0	10.0	90.0	0	0
10:56	10:56	192.5	196.3		70.0	10.0	90.0	0	0
10:57	10:57	192.6	196.5		70.0	10.0	90.0	0	0
10:58	10:58	192.6	196.6		70.0	10.0	90.0	0	0
10:59	10:59	192.6	196.7		70.0	10.0	90.0	0	0
11:00	11:00	192.7	196.8		70.0	10.0	90.0	0	0
11:01	11:01	192.7	196.9		70.0	10.0	90.0	0	0
11:02	11:02	192.8	197.0		70.0	10.0	90.0	0	0
11:03	11:03	192.8	197.1		70.0	10.0	90.0	0	0
11:04	11:04	192.8	197.2		70.0	10.0	90.0	0	0
11:05	11:05	192.9	197.3		70.0	10.0	90.0	0	0
11:06	11:06	192.9	197.4		70.0	10.0	90.0	0	0
11:07	11:07	193.0	197.5		70.0	10.0	90.0	0	0
11:08	11:08	193.0	197.6		70.0	10.0	90.0	0	0
11:09	11:09	193.0	197.7		70.0	10.0	90.0	0	0
11:10	11:10	193.1	197.8		70.0	10.0	90.0	0	0
11:11	11:11	193.2	197.9		70.0	10.0	90.0	0	0
11:12	11:12	193.2	198.0		70.0	10.0	90.0	0	0
11:13	11:13	193.3	198.1		70.0	10.0	90.0	0	0
11:14	11:14	193.3	198.2		70.0	10.0	90.0	0	0
11:15	11:15	193.3	198.3		70.0	10.0	90.0	0	0
11:16	11:16	193.4	198.4		70.0	10.0	90.0	0	0
11:17	11:17	193.4	198.5		70.0	10.0	90.0	0	0
11:18	11:18	193.4	198.6		70.0	10.0	90.0	0	0
11:19	11:19	193.5	198.7		70.0	10.0	90.0	0	0
11:20	11:20	193.5	198.8		70.0	10.0	90.0	0	0
11:21	11:21	193.6	198.9		70.0	10.0	90.0	0	0
11:22	11:22	193.7	199.0		70.0	10.0	90.0	0	0
11:23	11:23	193.7	199.1		70.0	10.0	90.0	0	0
11:24	11:24	193.7	199.1		70.0	10.0	90.0	0	0
11:25	11:25	193.8	199.3		70.0	10.0	90.0	0	0
11:26	11:26	193.8	199.3		70.0	10.0	90.0	0	0
11:27	11:27	193.9	199.4		70.0	10.0	90.0	0	0
11:28	11:28	193.9	199.5		70.0	10.0	90.0	0	0
11:29	11:29	194.0	199.6		70.0	10.0	90.0	0	0
11:30	11:30	194.0	199.7		70.0	10.0	90.0	0	0
11:31	11:31	194.0	199.8		70.0	10.0	90.0	0	0
11:32	11:32	194.1	199.9		70.0	10.0	90.0	0	0
11:33	11:33	194.1	200.0		70.0	10.0	90.0	0	0
11:34	11:34	194.2	200.1		70.0	10.0	90.0	0	0
11:35	11:35	194.3	200.1		70.0	10.0	90.0	0	0
11:36	11:36	194.3	200.2		70.0	10.0	90.0	0	0
11:37	11:37	194.4	200.3		70.0	10.0	90.0	0	0
11:38	11:38	194.4	200.4		70.0	10.0	90.0	0	0
11:39	11:39	194.5	200.5		70.0	10.0	90.0	0	0
11:40	11:40	194.5	200.6		70.0	10.0	90.0	0	0
11:41	11:41	194.5	200.7		70.0	10.0	90.0	0	0
11:42	11:42	194.6	200.7		70.0	10.0	90.0	0	0
11:43	11:43	194.7	200.9		70.0	10.0	90.0	0	0
11:44	11:44	194.7	201.0		70.0	15.0	90.0	0	0
11:45	11:45	194.8	201.0		70.0	15.0	90.0	0	0
11:46	11:46	194.8	201.1		70.0	15.0	90.0	0	0
11:47	11:47	194.9	201.2		70.0	15.0	90.0	0	0
11:48	11:48	194.9	201.3		70.0	15.0	90.0	0	0
11:49	11:49	195.0	201.3		70.0	15.0	90.0	0	0
11:50	11:50	195.1	201.4		70.0	15.0	90.0	0	0
11:51	11:51	195.1	201.5		70.0	15.0	90.0	0	0
11:52	11:52	195.2	201.6		70.0	15.0	90.0	0	0
11:53	11:53	195.3	201.7		70.0	15.0	90.0	0	0
11:54	11:54	195.4	201.8		70.0	15.0	90.0	0	0
11:55	11:55	195.4	201.8		70.0	15.0	90.0	0	0
11:56	11:56	195.5	201.9		70.0	15.0	90.0	0	0
11:57	11:57	195.5	202.0		70.0	15.0	90.0	0	0
11:58	11:58	195.6	202.1		70.0	15.0	90.0	0	0
11:59	11:59	195.7	202.2		70.0	15.0	90.0	0	0
12:00	12:00	195.7	202.2		70.0	15.0	90.0	0	0
12:01	12:01	195.9	202.3		70.0	15.0	90.0	0	0
12:02	12:02	195.9	202.4		70.0	15.0	90.0	0	0
12:03	12:03	196.0	202.5		70.0	15.0	90.0	0	0
12:04	12:04	196.0	202.6		70.0	15.0	90.0	0	0
12:05	12:05	196.1	202.6		70.0	15.0	90.0	0	0
12:06	12:06	196.1	202.7		70.0	15.0	90.0	0	0
12:07	12:07	196.2	202.8		70.0	15.0	90.0	0	0
12:08	12:08	196.3	202.9		70.0	15.0	90.0	0	0
12:09	12:09	196.4	203.0		70.0	15.0	90.0	0	0
12:10	12:10	196.4	203.1		70.0	15.0	90.0	0	0
12:11	12:11	196.5	203.2		70.0	15.0	90.0	0	0
12:12	12:12	196.5	203.3		70.0	15.0	90.0	0	0
12:13	12:13	196.6	203.3		70.0	15.0	90.0	0	0
12:14	12:14	196.7	203.4		70.0	15.0	90.0	0	0
12:15	12:15	196.7	203.5		70.0	15.0	90.0	0	0
12:16	12:16	196.8	203.6		70.0	15.0	90.0	0	0
12:17	12:17	196.9	203.7		70.0	15.0	90.0	0	0
12:18	12:18	197.0	203.7		70.0	15.0	90.0	0	0
12:19	12:19	197.0	203.8		70.0	15.0	90.0	0	0
12:20	12:20	197.1	203.9		70.0	15.0	90.0	0	0
12:21	12:21	197.1	204.0		70.0	15.0	90.0	0	0
12:22	12:22	197.2	204.1		70.0	15.0	90.0	0	0
12:23	12:23	197.3	204.2		70.0	15.0	90.0	0	0
12:24	12:24	197.3	204.3		70.0	15.0	90.0	0	0
12:25	12:25	197.4	204.4		70.0	15.0	90.0	0	0
12:26	12:26	197.5	204.4		70.0	15.0	90.0	0	0
12:27	12:27	197.6	204.5		70.0	15.0	90.0	0	0
12:28	12:28	197.6	204.6		70.0	15.0	90.0	0	0
12:29	12:29	197.7	204.7		70.0	15.0	90.0	0	0
12:30	12:30	197.8	204.8		70.0	15.0	90.0	0	0
12:31	12:31	197.8	204.9		70.0	15.0	90.0	0	0
12:32	12:32	197.9	204.9		70.0	15.0	90.0	0	0
12:33	12:33	198.0	205.0		70.0	15.0	90.0	0	0
12:34	12:34	198.1	205.1		70.0	15.0	90.0	0	0
12:35	12:35	198.2	205.2		70.0	15.0	90.0	0	0
12:36	12:36	198.2	205.3		70.0	17.0	90.0	0	0
12:37	12:37	198.3	205.4		70.0	17.0	90.0	0	0
12:38	12:38	198.4	205.5		70.0	17.0	90.0	0	0
12:39	12:39	198.5	205.6		70.0	17.0	90.0	0	0
12:40	12:40	198.6	205.7		70.0	17.0	90.0	0	0
12:41	12:41	198.7	205.7		70.0	17.0	90.0	0	0
12:42	12:42	198.7	205.8		70.0	17.0	90.0	0	0
12:43	12:43	198.8	205.9		70.0	17.0	90.0	0	0
12:44	12:44	198.8	206.0		70.0	17.0	90.0	0	0
12:45	12:45	198.9	206.1		70.0	17.0	90.0	0	0
12:46	12:46	199.0	206.2		70.0	17.0	90.0	0	0
12:47	12:47	199.1	206.3		70.0	17.0	90.0	0	0
12:48	12:48	199.2	206.5		70.0	17.0	90.0	0	0
12:49	12:49	199.2	206.6		70.0	17.0	90.0	0	0
12:50	12:50	199.3	206.6		70.0	17.0	90.0	0	0
12:51	12:51	199.4	206.7		70.0	17.0	90.0	0	0
12:52	12:52	199.4	206.8		70.0	17.0	90.0	0	0
12:53	12:53	199.5	206.9		70.0	17.0	90.0	0	0
12:54	12:54	199.6	207.0		70.0	17.0	90.0	0	0
12:55	12:55	199.7	207.1		70.0	17.0	90.0	0	0
12:56	12:56	199.7	207.2		70.0	17.0	90.0	0	0
12:57	12:57	199.8	207.3		70.0	17.0	90.0	0	0
12:58	12:58	199.9	207.4		70.0	17.0	90.0	0	0
12:59	12:59	200.0	207.4		70.0	17.0	90.0	0	0
13:00	13:00	200.0	207.6		70.0	17.0	90.0	0	0
13:01	13:01	200.2	207.7		70.0	17.0	90.0	0	0
13:02	13:02	200.2	207.8		70.0	17.0	90.0	0	0
13:03	13:03	200.3	207.8		70.0	17.0	90.0	0	0
13:04	13:04	200.4	207.9		70.0	17.0	90.0	0	0
13:05	13:05	200.5	208.0		70.0	17.0	90.0	0	0
13:06	13:06	200.6	208.1		70.0	17.0	90.0	0	0
13:07	13:07	200.7	208.2		70.0	17.0	90.0	0	0
13:08	13:08	200.8	208.3		70.0	17.0	90.0	0	0
13:09	13:09	200.9	208.4		70.0	17.0	90.0	0	0
13:10	13:10	201.0	208.5		70.0	17.0	90.0	0	0
13:11	13:11	201.0	208.7		70.0	17.0	90.0	0	0
13:12	13:12	201.1	208.8		70.0	17.0	90.0	0	0
13:13	13:13	201.2	208.9		70.0	17.0	90.0	0	0
13:14	13:14	201.3	209.0		70.0	17.0	90.0	0	0
13:15	13:15	201.4	209.1		70.0	17.0	90.0	0	0
13:16	13:16	201.5	209.2		70.0	17.0	90.0	0	0
13:17	13:17	201.6	209.3		70.0	17.0	90.0	0	0
13:18	13:18	201.8	209.5		70.0	17.0	90.0	0	0
13:19	13:19	201.9	209.5		70.0	17.0	90.0	0	0
13:20	13:20	202.0	209.6		70.0	17.0	90.0	0	0
13:21	13:21	202.0	209.8		70.0	17.0	90.0	0	0
13:22	13:22	202.1	209.9		70.0	17.0	90.0	0	0
13:23	13:23	202.2	210.0		70.0	17.0	90.0	0	0
13:24	13:24	202.3	210.1		70.0	17.0	90.0	0	0
13:25	13:25	202.4	210.2		70.0	17.0	90.0	0	0
13:26	13:26	202.5	210.4		70.0	17.0	90.0	0	0
13:27	13:27	202.6	210.5		70.0	17.0	90.0	0	0
13:28	13:28	202.7	210.6		70.0	17.0	90.0	0	0
13:29	13:29	202.8	210.7		70.0	17.0	90.0	0	0
13:30	13:30	202.9	210.8		70.0	17.0	90.0	0	0
13:31	13:31	203.0	211.0		70.0	17.0	90.0	0	0
13:32	13:32	203.0	211.1		70.0	17.0	90.0	0	0
13:33	13:33	203.1	211.2		70.0	17.0	90.0	0	0
13:34	13:34	203.2	211.3		70.0	17.0	90.0	0	0
13:35	13:35	203.3	211.4		70.0	17.0	90.0	0	0
13:36	13:36	203.4	211.5		70.0	17.0	90.0	0	0
13:37	13:37	203.5	211.6		70.0	10.0	90.0	0	0
13:38	13:38	203.6	211.7		70.0	10.0	90.0	0	0
13:39	13:39	203.7	211.9		70.0	10.0	90.0	0	0
13:40	13:40	203.8	212.1		70.0	10.0	90.0	0	0
13:41	13:41	203.9	212.2		70.0	10.0	90.0	0	0
13:42	13:42	204.0	212.3		70.0	10.0	90.0	0	0
13:43	13:43	204.1	212.4		70.0	10.0	90.0	0	0
13:44	13:44	204.1	212.4		70.0	10.0	90.0	0	0
13:45	13:45	204.1	212.4		70.0	10.0	90.0	0	0
13:46	13:46	204.3	212.8		70.0	10.0	90.0	0	0
13:47	13:47	204.3	212.9		70.0	10.0	90.0	0	0
13:48	13:48	204.4	213.0		70.0	10.0	90.0	0	0
13:49	13:49	204.5	213.1		70.0	10.0	90.0	0	0
13:50	13:50	204.5	213.3		70.0	10.0	90.0	0	0
13:51	13:51	204.6	213.4	DROP	70.0	10.0	90.0	0	0
