Date:10.02.26 13:03:00	Unit:C	CHARGE:00:00	TP:01:16	DRYe:06:18	FCs:10:05	FCe:	SCs:	SCe:	DROP:12:58	COOL:	Time:13:03
Time1	Time2	ET	BT	Event	Air(%)	Burner(%)	Drum(%)	VacFlag	VacSP(Pa)
00:00	00:00	241.1	169.7	CHARGE	50.0	50.0	0.0	0	0
00:01	00:01	242.2	170.4		50.0	50.0	0.0	0	0
00:02	00:02	243.3	171.0		50.0	50.0	0.0	0	0
00:03	00:03	243.9	171.5		50.0	50.0	0.0	0	0
00:04	00:04	243.6	170.7		50.0	50.0	0.0	0	0
00:05	00:05	240.8	166.8		50.0	50.0	0.0	0	0
00:06	00:06	236.1	162.6		50.0	50.0	0.0	0	0
00:07	00:07	232.2	158.7		50.0	50.0	0.0	0	0
00:08	00:08	228.3	154.8		50.0	50.0	0.0	0	0
00:09	00:09	223.8	152.1		50.0	50.0	0.0	0	0
00:10	00:10	219.6	147.2		50.0	50.0	0.0	0	0
00:11	00:11	215.5	143.8		50.0	50.0	0.0	0	0
00:12	00:12	211.3	141.3		50.0	50.0	0.0	0	0
00:13	00:13	208.9	136.4		50.0	50.0	0.0	0	0
00:14	00:14	206.4	134.0		50.0	50.0	0.0	0	0
00:15	00:15	203.8	131.6		50.0	50.0	0.0	0	0
00:16	00:16	201.4	127.5		50.0	50.0	0.0	0	0
00:17	00:17	200.2	125.1		50.0	50.0	0.0	0	0
00:18	00:18	199.0	121.3		50.0	50.0	0.0	0	0
00:19	00:19	197.8	120.1		50.0	50.0	0.0	0	0
00:20	00:20	196.8	117.4		50.0	50.0	0.0	0	0
00:21	00:21	196.0	114.9		50.0	50.0	0.0	0	0
00:22	00:22	194.8	111.9		50.0	50.0	0.0	0	0
00:23	00:23	193.9	110.7		50.0	50.0	0.0	0	0
00:24	00:24	193.1	108.0		50.0	50.0	0.0	0	0
00:25	00:25	192.4	107.0		50.0	50.0	0.0	0	0
00:26	00:26	191.9	104.7		50.0	50.0	0.0	0	0
00:27	00:27	191.5	102.5		50.0	50.0	0.0	0	0
00:28	00:28	191.2	101.4		50.0	50.0	0.0	0	0
00:29	00:29	190.8	99.8		50.0	50.0	0.0	0	0
00:30	00:30	190.5	97.7		50.0	50.0	0.0	0	0
00:31	00:31	190.3	96.8		50.0	50.0	0.0	0	0
00:32	00:32	190.0	95.4		50.0	50.0	0.0	0	0
00:33	00:33	189.9	93.8		50.0	50.0	0.0	0	0
00:34	00:34	189.9	92.7		50.0	50.0	0.0	0	0
00:35	00:35	189.9	91.4		50.0	50.0	0.0	0	0
00:36	00:36	189.8	90.3		50.0	50.0	0.0	0	0
00:37	00:37	189.8	89.2		50.0	50.0	0.0	0	0
00:38	00:38	189.7	88.2		50.0	50.0	0.0	0	0
00:39	00:39	189.7	87.1		50.0	50.0	0.0	0	0
00:40	00:40	189.6	86.1		50.0	50.0	0.0	0	0
00:41	00:41	189.6	85.3		50.0	50.0	0.0	0	0
00:42	00:42	189.6	84.3		50.0	50.0	0.0	0	0
00:43	00:43	189.7	83.6		50.0	50.0	0.0	0	0
00:44	00:44	189.8	82.9		50.0	50.0	0.0	0	0
00:45	00:45	189.9	82.1		50.0	50.0	0.0	0	0
00:46	00:46	190.2	81.5		50.0	58.0	0.0	0	0
00:47	00:47	190.3	80.8		50.0	62.0	0.0	0	0
00:48	00:48	190.5	80.2		50.0	67.0	0.0	0	0
00:49	00:49	190.8	79.8		50.0	69.0	0.0	0	0
00:50	00:50	191.1	79.2		50.0	70.0	0.0	0	0
00:51	00:51	191.5	78.8		50.0	70.0	0.0	0	0
00:52	00:52	192.1	78.2		50.0	70.0	0.0	0	0
00:53	00:53	192.9	77.9		50.0	70.0	0.0	0	0
00:54	00:54	193.7	77.4		50.0	70.0	0.0	0	0
00:55	00:55	194.4	77.0		50.0	70.0	0.0	0	0
00:56	00:56	195.4	76.6		50.0	70.0	0.0	0	0
00:57	00:57	196.2	76.4		50.0	70.0	0.0	0	0
00:58	00:58	196.8	76.1		50.0	70.0	0.0	0	0
00:59	00:59	197.6	75.8		50.0	70.0	0.0	0	0
01:00	01:00	198.4	75.6		50.0	70.0	0.0	0	0
01:01	01:01	199.1	75.3		50.0	70.0	0.0	0	0
01:02	01:02	199.9	75.2		50.0	70.0	0.0	0	0
01:03	01:03	200.6	75.0		50.0	70.0	0.0	0	0
01:04	01:04	201.3	74.8		50.0	70.0	0.0	0	0
01:05	01:05	201.8	74.7		50.0	70.0	0.0	0	0
01:06	01:06	202.4	74.6		50.0	70.0	0.0	0	0
01:07	01:07	202.9	74.6		50.0	70.0	0.0	0	0
01:08	01:08	203.4	74.5		50.0	70.0	0.0	0	0
01:09	01:09	203.9	74.5		50.0	70.0	0.0	0	0
01:10	01:10	204.6	74.4		50.0	70.0	0.0	0	0
01:11	01:11	205.2	74.4		50.0	70.0	0.0	0	0
01:12	01:12	205.7	74.4		50.0	70.0	0.0	0	0
01:13	01:13	206.4	74.4		50.0	70.0	0.0	0	0
01:14	01:14	206.9	74.4		50.0	70.0	0.0	0	0
01:15	01:15	207.3	74.4	TP	50.0	70.0	0.0	0	0
01:16	01:16	207.9	74.5		50.0	70.0	0.0	0	0
01:17	01:17	208.5	74.6		50.0	70.0	0.0	0	0
01:18	01:18	208.9	74.7		50.0	70.0	0.0	0	0
01:19	01:19	209.4	74.8		50.0	70.0	0.0	0	0
01:20	01:20	210.1	75.0		50.0	70.0	0.0	0	0
01:21	01:21	210.5	75.1		50.0	70.0	0.0	0	0
01:22	01:22	211.0	75.2		50.0	70.0	0.0	0	0
01:23	01:23	211.5	75.3		50.0	70.0	0.0	0	0
01:24	01:24	212.1	75.5		50.0	70.0	0.0	0	0
01:25	01:25	212.7	75.7		50.0	70.0	0.0	0	0
01:26	01:26	213.3	75.8		50.0	70.0	0.0	0	0
01:27	01:27	213.9	76.0		50.0	70.0	0.0	0	0
01:28	01:28	214.4	76.2		50.0	70.0	0.0	0	0
01:29	01:29	214.7	76.4		50.0	70.0	0.0	0	0
01:30	01:30	215.2	76.6		50.0	70.0	0.0	0	0
01:31	01:31	215.5	76.8		50.0	70.0	0.0	0	0
01:32	01:32	215.9	77.0		50.0	70.0	0.0	0	0
01:33	01:33	216.2	77.2		50.0	70.0	0.0	0	0
01:34	01:34	216.6	77.5		50.0	70.0	0.0	0	0
01:35	01:35	216.9	77.7		50.0	70.0	0.0	0	0
01:36	01:36	217.2	77.9		50.0	70.0	0.0	0	0
01:37	01:37	217.6	78.2		50.0	70.0	0.0	0	0
01:38	01:38	217.9	78.5		50.0	70.0	0.0	0	0
01:39	01:39	218.2	78.7		50.0	70.0	0.0	0	0
01:40	01:40	218.6	79.0		50.0	70.0	0.0	0	0
01:41	01:41	219.1	79.3		50.0	70.0	0.0	0	0
01:42	01:42	219.5	79.6		50.0	70.0	0.0	0	0
01:43	01:43	219.9	79.9		50.0	70.0	0.0	0	0
01:44	01:44	220.2	80.2		50.0	70.0	0.0	0	0
01:45	01:45	220.4	80.5		50.0	70.0	0.0	0	0
01:46	01:46	220.7	80.8		50.0	70.0	0.0	0	0
01:47	01:47	221.2	81.1		50.0	70.0	0.0	0	0
01:48	01:48	221.6	81.4		50.0	70.0	0.0	0	0
01:49	01:49	222.1	81.7		50.0	70.0	0.0	0	0
01:50	01:50	222.6	82.0		50.0	70.0	0.0	0	0
01:51	01:51	223.1	82.3		50.0	70.0	0.0	0	0
01:52	01:52	223.4	82.6		50.0	70.0	0.0	0	0
01:53	01:53	223.6	83.0		50.0	70.0	0.0	0	0
01:54	01:54	224.0	83.3		50.0	70.0	0.0	0	0
01:55	01:55	224.4	83.6		50.0	70.0	0.0	0	0
01:56	01:56	224.8	84.0		50.0	70.0	0.0	0	0
01:57	01:57	225.2	84.3		50.0	70.0	0.0	0	0
01:58	01:58	225.6	84.6		50.0	70.0	0.0	0	0
01:59	01:59	225.8	85.0		50.0	70.0	0.0	0	0
02:00	02:00	226.1	85.4		50.0	70.0	0.0	0	0
02:01	02:01	226.3	85.7		50.0	70.0	0.0	0	0
02:02	02:02	226.7	86.1		50.0	70.0	0.0	0	0
02:03	02:03	226.9	86.5		50.0	70.0	0.0	0	0
02:04	02:04	227.2	86.8		50.0	70.0	0.0	0	0
02:05	02:05	227.4	87.1		50.0	70.0	0.0	0	0
02:06	02:06	227.6	87.6		50.0	70.0	0.0	0	0
02:07	02:07	227.8	87.9		50.0	70.0	0.0	0	0
02:08	02:08	228.1	88.2		50.0	70.0	0.0	0	0
02:09	02:09	228.4	88.6		50.0	70.0	0.0	0	0
02:10	02:10	228.8	88.9		50.0	70.0	0.0	0	0
02:11	02:11	229.2	89.3		50.0	70.0	0.0	0	0
02:12	02:12	229.6	89.5		50.0	70.0	0.0	0	0
02:13	02:13	229.9	89.9		50.0	70.0	0.0	0	0
02:14	02:14	230.2	90.2		50.0	70.0	0.0	0	0
02:15	02:15	230.7	90.5		50.0	70.0	0.0	0	0
02:16	02:16	231.0	90.9		50.0	70.0	0.0	0	0
02:17	02:17	231.3	91.2		50.0	70.0	0.0	0	0
02:18	02:18	231.7	91.5		50.0	70.0	0.0	0	0
02:19	02:19	232.0	91.9		50.0	70.0	0.0	0	0
02:20	02:20	232.3	92.2		50.0	70.0	0.0	0	0
02:21	02:21	232.7	92.5		50.0	70.0	0.0	0	0
02:22	02:22	233.0	92.9		50.0	70.0	0.0	0	0
02:23	02:23	233.3	93.3		50.0	70.0	0.0	0	0
02:24	02:24	233.7	93.7		50.0	70.0	0.0	0	0
02:25	02:25	234.0	94.0		50.0	70.0	0.0	0	0
02:26	02:26	234.4	94.5		50.0	70.0	0.0	0	0
02:27	02:27	234.7	94.8		50.0	70.0	0.0	0	0
02:28	02:28	234.9	95.2		50.0	70.0	0.0	0	0
02:29	02:29	235.0	95.5		50.0	70.0	0.0	0	0
02:30	02:30	235.2	95.9		50.0	70.0	0.0	0	0
02:31	02:31	235.5	96.3		50.0	70.0	0.0	0	0
02:32	02:32	235.9	96.7		50.0	70.0	0.0	0	0
02:33	02:33	236.3	97.1		50.0	70.0	0.0	0	0
02:34	02:34	236.7	97.4		50.0	70.0	0.0	0	0
02:35	02:35	237.1	97.8		50.0	70.0	0.0	0	0
02:36	02:36	237.5	98.2		50.0	70.0	0.0	0	0
02:37	02:37	237.9	98.5		50.0	70.0	0.0	0	0
02:38	02:38	238.2	98.9		50.0	70.0	0.0	0	0
02:39	02:39	238.6	99.3		50.0	70.0	0.0	0	0
02:40	02:40	238.9	99.6		50.0	70.0	0.0	0	0
02:41	02:41	239.2	99.9		50.0	70.0	0.0	0	0
02:42	02:42	239.4	100.3		50.0	70.0	0.0	0	0
02:43	02:43	239.6	100.7		50.0	70.0	0.0	0	0
02:44	02:44	239.8	101.0		50.0	70.0	0.0	0	0
02:45	02:45	239.8	101.4		50.0	70.0	0.0	0	0
02:46	02:46	239.9	101.8		50.0	70.0	0.0	0	0
02:47	02:47	240.0	102.1		50.0	70.0	0.0	0	0
02:48	02:48	240.0	102.4		50.0	70.0	0.0	0	0
02:49	02:49	240.2	102.8		50.0	70.0	0.0	0	0
02:50	02:50	240.3	103.1		50.0	70.0	0.0	0	0
02:51	02:51	240.4	103.4		50.0	70.0	0.0	0	0
02:52	02:52	240.5	103.8		50.0	70.0	0.0	0	0
02:53	02:53	240.6	104.2		50.0	70.0	0.0	0	0
02:54	02:54	240.6	104.5		50.0	70.0	0.0	0	0
02:55	02:55	240.6	104.9		50.0	70.0	0.0	0	0
02:56	02:56	240.6	105.2		50.0	70.0	0.0	0	0
02:57	02:57	240.8	105.5		50.0	70.0	0.0	0	0
02:58	02:58	241.0	105.9		50.0	70.0	0.0	0	0
02:59	02:59	241.4	106.2		50.0	70.0	0.0	0	0
03:00	03:00	241.8	106.6		50.0	70.0	0.0	0	0
03:01	03:01	242.2	106.9		50.0	70.0	0.0	0	0
03:02	03:02	242.7	107.3		50.0	70.0	0.0	0	0
03:03	03:03	243.1	107.6		50.0	70.0	0.0	0	0
03:04	03:04	243.4	107.9		50.0	70.0	0.0	0	0
03:05	03:05	243.5	108.3		50.0	70.0	0.0	0	0
03:06	03:06	243.5	108.6		50.0	70.0	0.0	0	0
03:07	03:07	243.6	109.0		50.0	70.0	0.0	0	0
03:08	03:08	243.6	109.4		50.0	70.0	0.0	0	0
03:09	03:09	243.7	109.7		50.0	70.0	0.0	0	0
03:10	03:10	243.9	110.0		50.0	70.0	0.0	0	0
03:11	03:11	244.1	110.4		50.0	70.0	0.0	0	0
03:12	03:12	244.3	110.7		50.0	70.0	0.0	0	0
03:13	03:13	244.6	110.9		50.0	70.0	0.0	0	0
03:14	03:14	244.9	111.3		50.0	70.0	0.0	0	0
03:15	03:15	245.2	111.6		50.0	70.0	0.0	0	0
03:16	03:16	245.5	111.9		50.0	70.0	0.0	0	0
03:17	03:17	245.6	112.2		50.0	70.0	0.0	0	0
03:18	03:18	245.8	112.6		50.0	70.0	0.0	0	0
03:19	03:19	245.9	112.9		50.0	70.0	0.0	0	0
03:20	03:20	245.9	113.2		50.0	70.0	0.0	0	0
03:21	03:21	245.8	113.6		50.0	70.0	0.0	0	0
03:22	03:22	245.8	113.9		50.0	70.0	0.0	0	0
03:23	03:23	245.8	114.3		50.0	70.0	0.0	0	0
03:24	03:24	246.0	114.6		50.0	70.0	0.0	0	0
03:25	03:25	246.2	115.0		50.0	70.0	0.0	0	0
03:26	03:26	246.4	115.3		50.0	70.0	0.0	0	0
03:27	03:27	246.5	115.6		50.0	70.0	0.0	0	0
03:28	03:28	246.5	116.0		50.0	70.0	0.0	0	0
03:29	03:29	246.5	116.3		50.0	70.0	0.0	0	0
03:30	03:30	246.7	116.6		50.0	70.0	0.0	0	0
03:31	03:31	246.8	117.0		50.0	70.0	0.0	0	0
03:32	03:32	246.9	117.3		50.0	70.0	0.0	0	0
03:33	03:33	247.0	117.6		50.0	70.0	0.0	0	0
03:34	03:34	247.1	117.9		50.0	70.0	0.0	0	0
03:35	03:35	247.1	118.3		50.0	70.0	0.0	0	0
03:36	03:36	247.3	118.6		50.0	70.0	0.0	0	0
03:37	03:37	247.5	118.9		50.0	70.0	0.0	0	0
03:38	03:38	247.8	119.2		50.0	70.0	0.0	0	0
03:39	03:39	248.0	119.5		50.0	70.0	0.0	0	0
03:40	03:40	248.3	119.8		50.0	70.0	0.0	0	0
03:41	03:41	248.6	120.1		50.0	70.0	0.0	0	0
03:42	03:42	248.9	120.4		50.0	70.0	0.0	0	0
03:43	03:43	249.4	120.7		50.0	70.0	0.0	0	0
03:44	03:44	249.7	121.1		50.0	70.0	0.0	0	0
03:45	03:45	250.1	121.5		50.0	70.0	0.0	0	0
03:46	03:46	250.3	121.7		50.0	70.0	0.0	0	0
03:47	03:47	250.5	122.1		50.0	70.0	0.0	0	0
03:48	03:48	250.7	122.4		50.0	70.0	0.0	0	0
03:49	03:49	250.8	122.7		50.0	70.0	0.0	0	0
03:50	03:50	251.0	123.0		50.0	70.0	0.0	0	0
03:51	03:51	251.1	123.4		50.0	70.0	0.0	0	0
03:52	03:52	251.2	123.7		50.0	70.0	0.0	0	0
03:53	03:53	251.3	123.9		50.0	70.0	0.0	0	0
03:54	03:54	251.5	124.3		50.0	70.0	0.0	0	0
03:55	03:55	251.7	124.6		50.0	70.0	0.0	0	0
03:56	03:56	251.9	124.9		50.0	70.0	0.0	0	0
03:57	03:57	252.1	125.2		50.0	70.0	0.0	0	0
03:58	03:58	252.3	125.5		50.0	70.0	0.0	0	0
03:59	03:59	252.5	125.8		50.0	70.0	0.0	0	0
04:00	04:00	252.6	126.1		50.0	70.0	0.0	0	0
04:01	04:01	252.8	126.4		50.0	70.0	0.0	0	0
04:02	04:02	252.9	126.7		50.0	70.0	0.0	0	0
04:03	04:03	253.0	127.0		50.0	70.0	0.0	0	0
04:04	04:04	253.3	127.3		50.0	70.0	0.0	0	0
04:05	04:05	253.5	127.5		50.0	70.0	0.0	0	0
04:06	04:06	253.7	127.8		50.0	70.0	0.0	0	0
04:07	04:07	254.1	128.1		50.0	70.0	0.0	0	0
04:08	04:08	254.4	128.4		50.0	70.0	0.0	0	0
04:09	04:09	254.6	128.6		50.0	70.0	0.0	0	0
04:10	04:10	254.8	128.9		50.0	70.0	0.0	0	0
04:11	04:11	254.9	129.2		50.0	70.0	0.0	0	0
04:12	04:12	254.9	129.5		50.0	70.0	0.0	0	0
04:13	04:13	255.1	129.8		50.0	70.0	0.0	0	0
04:14	04:14	255.2	130.1		50.0	70.0	0.0	0	0
04:15	04:15	255.3	130.4		50.0	70.0	0.0	0	0
04:16	04:16	255.5	130.7		50.0	70.0	0.0	0	0
04:17	04:17	255.6	131.0		50.0	70.0	0.0	0	0
04:18	04:18	255.7	131.3		50.0	70.0	0.0	0	0
04:19	04:19	255.8	131.6		50.0	70.0	0.0	0	0
04:20	04:20	255.8	131.9		50.0	70.0	0.0	0	0
04:21	04:21	255.9	132.2		50.0	70.0	0.0	0	0
04:22	04:22	256.0	132.5		50.0	70.0	0.0	0	0
04:23	04:23	256.2	132.8		50.0	70.0	0.0	0	0
04:24	04:24	256.5	133.1		50.0	70.0	0.0	0	0
04:25	04:25	256.8	133.3		50.0	70.0	0.0	0	0
04:26	04:26	257.1	133.7		50.0	70.0	0.0	0	0
04:27	04:27	257.3	133.9		50.0	70.0	0.0	0	0
04:28	04:28	257.5	134.3		50.0	70.0	0.0	0	0
04:29	04:29	257.8	134.5		50.0	70.0	0.0	0	0
04:30	04:30	258.0	134.8		50.0	70.0	0.0	0	0
04:31	04:31	258.3	135.1		50.0	70.0	0.0	0	0
04:32	04:32	258.5	135.3		50.0	70.0	0.0	0	0
04:33	04:33	258.8	135.6		50.0	70.0	0.0	0	0
04:34	04:34	259.1	135.9		50.0	70.0	0.0	0	0
04:35	04:35	259.7	136.2		50.0	70.0	0.0	0	0
04:36	04:36	260.1	136.5		50.0	70.0	0.0	0	0
04:37	04:37	260.5	136.8		50.0	70.0	0.0	0	0
04:38	04:38	261.0	137.0		50.0	70.0	0.0	0	0
04:39	04:39	261.4	137.3		50.0	70.0	0.0	0	0
04:40	04:40	261.7	137.5		50.0	70.0	0.0	0	0
04:41	04:41	262.0	137.8		50.0	70.0	0.0	0	0
04:42	04:42	262.1	138.1		50.0	70.0	0.0	0	0
04:43	04:43	262.2	138.3		50.0	70.0	0.0	0	0
04:44	04:44	262.3	138.6		50.0	70.0	0.0	0	0
04:45	04:45	262.3	138.8		50.0	70.0	0.0	0	0
04:46	04:46	262.4	139.1		50.0	70.0	0.0	0	0
04:47	04:47	262.5	139.4		50.0	70.0	0.0	0	0
04:48	04:48	262.7	139.6		50.0	70.0	0.0	0	0
04:49	04:49	262.9	139.9		50.0	70.0	0.0	0	0
04:50	04:50	263.0	140.2		50.0	70.0	0.0	0	0
04:51	04:51	263.2	140.4		50.0	66.0	0.0	0	0
04:52	04:52	263.5	140.7		50.0	63.0	0.0	0	0
04:53	04:53	263.7	141.0		50.0	61.0	0.0	0	0
04:54	04:54	263.9	141.2		50.0	60.0	0.0	0	0
04:55	04:55	264.0	141.4		50.0	60.0	0.0	0	0
04:56	04:56	264.0	141.7		50.0	60.0	0.0	0	0
04:57	04:57	264.0	142.0		50.0	60.0	0.0	0	0
04:58	04:58	264.1	142.2		50.0	60.0	0.0	0	0
04:59	04:59	264.2	142.5		50.0	60.0	0.0	0	0
05:00	05:00	264.2	142.8		50.0	60.0	0.0	0	0
05:01	05:01	264.2	143.0		50.0	60.0	0.0	0	0
05:02	05:02	264.0	143.3		50.0	60.0	0.0	0	0
05:03	05:03	263.9	143.6		50.0	60.0	0.0	0	0
05:04	05:04	263.8	143.8		50.0	60.0	0.0	0	0
05:05	05:05	263.6	144.1		50.0	60.0	0.0	0	0
05:06	05:06	263.6	144.3		50.0	60.0	0.0	0	0
05:07	05:07	263.5	144.5		50.0	60.0	0.0	0	0
05:08	05:08	263.4	144.8		50.0	60.0	0.0	0	0
05:09	05:09	263.2	145.0		50.0	60.0	0.0	0	0
05:10	05:10	263.0	145.3		50.0	60.0	0.0	0	0
05:11	05:11	262.9	145.5		50.0	60.0	0.0	0	0
05:12	05:12	262.9	145.7		50.0	60.0	0.0	0	0
05:13	05:13	262.9	146.0		50.0	60.0	0.0	0	0
05:14	05:14	263.0	146.2		50.0	60.0	0.0	0	0
05:15	05:15	263.0	146.5		50.0	60.0	0.0	0	0
05:16	05:16	263.2	146.7		50.0	60.0	0.0	0	0
05:17	05:17	263.3	146.9		50.0	60.0	0.0	0	0
05:18	05:18	263.4	147.1		50.0	60.0	0.0	0	0
05:19	05:19	263.5	147.4		50.0	60.0	0.0	0	0
05:20	05:20	263.5	147.6		50.0	60.0	0.0	0	0
05:21	05:21	263.5	147.8		50.0	60.0	0.0	0	0
05:22	05:22	263.6	148.1		50.0	60.0	0.0	0	0
05:23	05:23	263.7	148.3		50.0	60.0	0.0	0	0
05:24	05:24	263.9	148.5		50.0	60.0	0.0	0	0
05:25	05:25	264.1	148.8		50.0	60.0	0.0	0	0
05:26	05:26	264.2	149.0		50.0	60.0	0.0	0	0
05:27	05:27	264.3	149.3		50.0	60.0	0.0	0	0
05:28	05:28	264.4	149.5		50.0	60.0	0.0	0	0
05:29	05:29	264.4	149.8		50.0	60.0	0.0	0	0
05:30	05:30	264.5	150.0		50.0	60.0	0.0	0	0
05:31	05:31	264.5	150.2		50.0	60.0	0.0	0	0
05:32	05:32	264.4	150.5		50.0	60.0	0.0	0	0
05:33	05:33	264.2	150.7		50.0	60.0	0.0	0	0
05:34	05:34	264.2	150.9		50.0	60.0	0.0	0	0
05:35	05:35	264.2	151.2		50.0	60.0	0.0	0	0
05:36	05:36	264.2	151.4		50.0	60.0	0.0	0	0
05:37	05:37	264.3	151.6		50.0	60.0	0.0	0	0
05:38	05:38	264.5	151.9		50.0	60.0	0.0	0	0
05:39	05:39	264.6	152.1		50.0	60.0	0.0	0	0
05:40	05:40	264.7	152.3		50.0	60.0	0.0	0	0
05:41	05:41	264.8	152.5		50.0	60.0	0.0	0	0
05:42	05:42	265.0	152.7		50.0	60.0	0.0	0	0
05:43	05:43	265.3	152.9		50.0	60.0	0.0	0	0
05:44	05:44	265.6	153.1		50.0	60.0	0.0	0	0
05:45	05:45	265.9	153.4		50.0	60.0	0.0	0	0
05:46	05:46	266.1	153.6		50.0	60.0	0.0	0	0
05:47	05:47	266.3	153.8		50.0	60.0	0.0	0	0
05:48	05:48	266.4	154.0		50.0	60.0	0.0	0	0
05:49	05:49	266.5	154.2		50.0	60.0	0.0	0	0
05:50	05:50	266.7	154.4		50.0	60.0	0.0	0	0
05:51	05:51	266.9	154.7		50.0	60.0	0.0	0	0
05:52	05:52	267.0	154.9		50.0	60.0	0.0	0	0
05:53	05:53	267.2	155.0		50.0	60.0	0.0	0	0
05:54	05:54	267.3	155.3		50.0	60.0	0.0	0	0
05:55	05:55	267.3	155.4		50.0	60.0	0.0	0	0
05:56	05:56	267.4	155.6		50.0	60.0	0.0	0	0
05:57	05:57	267.5	155.8		50.0	60.0	0.0	0	0
05:58	05:58	267.7	156.0		50.0	60.0	0.0	0	0
05:59	05:59	267.8	156.2		50.0	60.0	0.0	0	0
06:00	06:00	268.0	156.4		50.0	60.0	0.0	0	0
06:01	06:01	268.1	156.6		50.0	60.0	0.0	0	0
06:02	06:02	268.4	156.8		50.0	60.0	0.0	0	0
06:03	06:03	268.7	157.0		50.0	60.0	0.0	0	0
06:04	06:04	268.9	157.2		50.0	60.0	0.0	0	0
06:05	06:05	269.2	157.4		50.0	60.0	0.0	0	0
06:06	06:06	269.4	157.6		50.0	60.0	0.0	0	0
06:07	06:07	269.6	157.9		50.0	60.0	0.0	0	0
06:08	06:08	269.7	158.1		50.0	60.0	0.0	0	0
06:09	06:09	269.7	158.3		50.0	60.0	0.0	0	0
06:10	06:10	269.7	158.5		50.0	60.0	0.0	0	0
06:11	06:11	269.7	158.7		50.0	60.0	0.0	0	0
06:12	06:12	269.8	158.9		50.0	60.0	0.0	0	0
06:13	06:13	269.8	159.0		50.0	60.0	0.0	0	0
06:14	06:14	269.9	159.3		50.0	60.0	0.0	0	0
06:15	06:15	270.1	159.5		50.0	60.0	0.0	0	0
06:16	06:16	270.3	159.7		50.0	58.0	0.0	0	0
06:17	06:17	270.6	159.9	DRY End	50.0	57.0	0.0	0	0
06:18	06:18	270.9	160.1		50.0	56.0	0.0	0	0
06:19	06:19	271.2	160.3		50.0	55.0	0.0	0	0
06:20	06:20	271.4	160.6		50.0	55.0	0.0	0	0
06:21	06:21	271.5	160.8		50.0	55.0	0.0	0	0
06:22	06:22	271.5	160.9		50.0	55.0	0.0	0	0
06:23	06:23	271.5	161.1		50.0	55.0	0.0	0	0
06:24	06:24	271.5	161.3		50.0	55.0	0.0	0	0
06:25	06:25	271.5	161.5		50.0	55.0	0.0	0	0
06:26	06:26	271.5	161.7		50.0	55.0	0.0	0	0
06:27	06:27	271.5	162.0		50.0	55.0	0.0	0	0
06:28	06:28	271.5	162.2		50.0	55.0	0.0	0	0
06:29	06:29	271.5	162.3		50.0	55.0	0.0	0	0
06:30	06:30	271.5	162.6		50.0	55.0	0.0	0	0
06:31	06:31	271.5	162.8		50.0	55.0	0.0	0	0
06:32	06:32	271.6	162.9		50.0	55.0	0.0	0	0
06:33	06:33	271.7	163.1		50.0	55.0	0.0	0	0
06:34	06:34	271.9	163.3		50.0	55.0	0.0	0	0
06:35	06:35	272.0	163.5		50.0	55.0	0.0	0	0
06:36	06:36	272.1	163.7		50.0	55.0	0.0	0	0
06:37	06:37	272.2	164.0		50.0	55.0	0.0	0	0
06:38	06:38	272.2	164.2		50.0	55.0	0.0	0	0
06:39	06:39	272.2	164.4		50.0	55.0	0.0	0	0
06:40	06:40	272.2	164.6		50.0	55.0	0.0	0	0
06:41	06:41	272.2	164.7		50.0	55.0	0.0	0	0
06:42	06:42	272.3	164.9		50.0	55.0	0.0	0	0
06:43	06:43	272.4	165.1		50.0	55.0	0.0	0	0
06:44	06:44	272.5	165.3		50.0	55.0	0.0	0	0
06:45	06:45	272.5	165.5		50.0	55.0	0.0	0	0
06:46	06:46	272.6	165.7		50.0	55.0	0.0	0	0
06:47	06:47	272.7	165.9		50.0	55.0	0.0	0	0
06:48	06:48	272.9	166.1		50.0	55.0	0.0	0	0
06:49	06:49	273.1	166.2		50.0	55.0	0.0	0	0
06:50	06:50	273.4	166.5		50.0	55.0	0.0	0	0
06:51	06:51	273.6	166.6		50.0	55.0	0.0	0	0
06:52	06:52	273.7	166.8		50.0	55.0	0.0	0	0
06:53	06:53	273.8	167.0		50.0	55.0	0.0	0	0
06:54	06:54	273.9	167.2		50.0	55.0	0.0	0	0
06:55	06:55	274.0	167.3		50.0	55.0	0.0	0	0
06:56	06:56	274.1	167.6		50.0	55.0	0.0	0	0
06:57	06:57	274.1	167.8		50.0	55.0	0.0	0	0
06:58	06:58	274.1	168.0		50.0	55.0	0.0	0	0
06:59	06:59	274.1	168.2		50.0	55.0	0.0	0	0
07:00	07:00	274.2	168.4		50.0	55.0	0.0	0	0
07:01	07:01	274.3	168.6		50.0	55.0	0.0	0	0
07:02	07:02	274.5	168.7		50.0	55.0	0.0	0	0
07:03	07:03	274.6	168.9		50.0	54.0	0.0	0	0
07:04	07:04	274.7	169.1		50.0	51.0	0.0	0	0
07:05	07:05	274.8	169.3		50.0	50.0	0.0	0	0
07:06	07:06	274.8	169.5		50.0	50.0	0.0	0	0
07:07	07:07	274.8	169.7		50.0	50.0	0.0	0	0
07:08	07:08	274.9	169.8		50.0	50.0	0.0	0	0
07:09	07:09	274.9	170.0		50.0	50.0	0.0	0	0
07:10	07:10	274.9	170.2		50.0	50.0	0.0	0	0
07:11	07:11	274.8	170.4		50.0	50.0	0.0	0	0
07:12	07:12	274.7	170.6		50.0	50.0	0.0	0	0
07:13	07:13	274.5	170.8		50.0	50.0	0.0	0	0
07:14	07:14	274.3	171.0		50.0	50.0	0.0	0	0
07:15	07:15	274.1	171.2		50.0	50.0	0.0	0	0
07:16	07:16	273.9	171.4		50.0	50.0	0.0	0	0
07:17	07:17	273.8	171.6		50.0	50.0	0.0	0	0
07:18	07:18	273.8	171.7		50.0	50.0	0.0	0	0
07:19	07:19	273.8	171.9		50.0	50.0	0.0	0	0
07:20	07:20	273.7	172.1		50.0	50.0	0.0	0	0
07:21	07:21	273.6	172.3		50.0	50.0	0.0	0	0
07:22	07:22	273.5	172.5		50.0	47.0	0.0	0	0
07:23	07:23	273.5	172.7		50.0	45.0	0.0	0	0
07:24	07:24	273.5	172.9		50.0	45.0	0.0	0	0
07:25	07:25	273.5	173.0		50.0	45.0	0.0	0	0
07:26	07:26	273.3	173.3		50.0	45.0	0.0	0	0
07:27	07:27	273.3	173.5		50.0	45.0	0.0	0	0
07:28	07:28	273.2	173.7		50.0	45.0	0.0	0	0
07:29	07:29	273.3	173.9		50.0	45.0	0.0	0	0
07:30	07:30	273.3	174.0		50.0	45.0	0.0	0	0
07:31	07:31	273.3	174.2		50.0	45.0	0.0	0	0
07:32	07:32	273.3	174.4		50.0	45.0	0.0	0	0
07:33	07:33	273.3	174.6		50.0	45.0	0.0	0	0
07:34	07:34	273.3	174.8		50.0	45.0	0.0	0	0
07:35	07:35	273.3	175.0		50.0	45.0	0.0	0	0
07:36	07:36	273.2	175.2		50.0	45.0	0.0	0	0
07:37	07:37	273.2	175.3		50.0	45.0	0.0	0	0
07:38	07:38	273.1	175.5		50.0	45.0	0.0	0	0
07:39	07:39	273.1	175.6		50.0	45.0	0.0	0	0
07:40	07:40	273.0	175.8		50.0	45.0	0.0	0	0
07:41	07:41	273.0	176.0		50.0	45.0	0.0	0	0
07:42	07:42	273.0	176.2		49.0	45.0	0.0	0	0
07:43	07:43	273.1	176.3		51.0	45.0	0.0	0	0
07:44	07:44	273.2	176.5		55.0	45.0	0.0	0	0
07:45	07:45	273.3	176.6		55.0	45.0	0.0	0	0
07:46	07:46	273.4	176.8		55.0	45.0	0.0	0	0
07:47	07:47	273.5	177.0		55.0	45.0	0.0	0	0
07:48	07:48	273.5	177.1		55.0	45.0	0.0	0	0
07:49	07:49	273.5	177.3		55.0	45.0	0.0	0	0
07:50	07:50	273.5	177.4		55.0	45.0	0.0	0	0
07:51	07:51	273.5	177.5		55.0	45.0	0.0	0	0
07:52	07:52	273.3	177.7		55.0	45.0	0.0	0	0
07:53	07:53	273.1	177.9		55.0	45.0	0.0	0	0
07:54	07:54	272.9	178.1		55.0	45.0	0.0	0	0
07:55	07:55	272.8	178.2		55.0	45.0	0.0	0	0
07:56	07:56	272.7	178.4		55.0	45.0	0.0	0	0
07:57	07:57	272.8	178.5		55.0	45.0	0.0	0	0
07:58	07:58	273.0	178.8		55.0	45.0	0.0	0	0
07:59	07:59	273.0	178.9		55.0	45.0	0.0	0	0
08:00	08:00	273.0	179.1		55.0	45.0	0.0	0	0
08:01	08:01	273.0	179.2		55.0	45.0	0.0	0	0
08:02	08:02	273.0	179.4		55.0	45.0	0.0	0	0
08:03	08:03	273.0	179.6		55.0	45.0	0.0	0	0
08:04	08:04	273.0	179.7		55.0	45.0	0.0	0	0
08:05	08:05	273.1	179.9		55.0	45.0	0.0	0	0
08:06	08:06	273.1	180.1		55.0	45.0	0.0	0	0
08:07	08:07	273.1	180.2		55.0	45.0	0.0	0	0
08:08	08:08	273.3	180.4		55.0	45.0	0.0	0	0
08:09	08:09	273.4	180.6		55.0	45.0	0.0	0	0
08:10	08:10	273.5	180.8		55.0	45.0	0.0	0	0
08:11	08:11	273.7	180.9		55.0	45.0	0.0	0	0
08:12	08:12	273.8	181.1		55.0	45.0	0.0	0	0
08:13	08:13	273.8	181.3		55.0	45.0	0.0	0	0
08:14	08:14	273.9	181.5		55.0	45.0	0.0	0	0
08:15	08:15	273.9	181.7		55.0	45.0	0.0	0	0
08:16	08:16	273.9	181.8		55.0	45.0	0.0	0	0
08:17	08:17	273.9	181.9		55.0	45.0	0.0	0	0
08:18	08:18	273.9	182.1		55.0	45.0	0.0	0	0
08:19	08:19	273.9	182.3		55.0	45.0	0.0	0	0
08:20	08:20	273.9	182.4		55.0	45.0	0.0	0	0
08:21	08:21	274.0	182.6		55.0	45.0	0.0	0	0
08:22	08:22	274.0	182.8		55.0	45.0	0.0	0	0
08:23	08:23	274.1	182.9		55.0	45.0	0.0	0	0
08:24	08:24	274.3	183.1		55.0	45.0	0.0	0	0
08:25	08:25	274.5	183.3		55.0	45.0	0.0	0	0
08:26	08:26	274.7	183.5		55.0	45.0	0.0	0	0
08:27	08:27	274.9	183.6		55.0	45.0	0.0	0	0
08:28	08:28	275.0	183.8		55.0	45.0	0.0	0	0
08:29	08:29	275.2	183.9		55.0	45.0	0.0	0	0
08:30	08:30	275.2	184.1		55.0	45.0	0.0	0	0
08:31	08:31	275.2	184.2		55.0	45.0	0.0	0	0
08:32	08:32	275.2	184.4		55.0	45.0	0.0	0	0
08:33	08:33	275.2	184.6		55.0	45.0	0.0	0	0
08:34	08:34	275.2	184.8		55.0	45.0	0.0	0	0
08:35	08:35	275.2	184.9		55.0	45.0	0.0	0	0
08:36	08:36	275.2	185.1		55.0	45.0	0.0	0	0
08:37	08:37	275.2	185.2		55.0	45.0	0.0	0	0
08:38	08:38	275.2	185.4		55.0	45.0	0.0	0	0
08:39	08:39	275.3	185.6		55.0	45.0	0.0	0	0
08:40	08:40	275.3	185.7		55.0	45.0	0.0	0	0
08:41	08:41	275.3	185.8		55.0	45.0	0.0	0	0
08:42	08:42	275.3	186.0		55.0	45.0	0.0	0	0
08:43	08:43	275.3	186.2		55.0	45.0	0.0	0	0
08:44	08:44	275.3	186.3		55.0	45.0	0.0	0	0
08:45	08:45	275.3	186.5		55.0	45.0	0.0	0	0
08:46	08:46	275.3	186.6		55.0	45.0	0.0	0	0
08:47	08:47	275.3	186.8		55.0	45.0	0.0	0	0
08:48	08:48	275.3	186.9		55.0	45.0	0.0	0	0
08:49	08:49	275.3	187.1		55.0	45.0	0.0	0	0
08:50	08:50	275.4	187.3		55.0	45.0	0.0	0	0
08:51	08:51	275.6	187.5		55.0	45.0	0.0	0	0
08:52	08:52	275.8	187.6		55.0	45.0	0.0	0	0
08:53	08:53	276.1	187.8		55.0	45.0	0.0	0	0
08:54	08:54	276.4	188.1		55.0	45.0	0.0	0	0
08:55	08:55	276.7	188.3		55.0	45.0	0.0	0	0
08:56	08:56	276.9	188.4		55.0	45.0	0.0	0	0
08:57	08:57	277.1	188.6		55.0	45.0	0.0	0	0
08:58	08:58	277.1	188.8		55.0	45.0	0.0	0	0
08:59	08:59	277.1	188.9		55.0	45.0	0.0	0	0
09:00	09:00	277.1	189.1		55.0	44.0	0.0	0	0
09:01	09:01	277.2	189.2		55.0	41.0	0.0	0	0
09:02	09:02	277.3	189.4		55.0	40.0	0.0	0	0
09:03	09:03	277.3	189.6		55.0	40.0	0.0	0	0
09:04	09:04	277.3	189.7		55.0	40.0	0.0	0	0
09:05	09:05	277.3	189.9		55.0	40.0	0.0	0	0
09:06	09:06	277.3	190.1		55.0	40.0	0.0	0	0
09:07	09:07	277.3	190.2		55.0	40.0	0.0	0	0
09:08	09:08	277.5	190.4		55.0	40.0	0.0	0	0
09:09	09:09	277.6	190.6		55.0	40.0	0.0	0	0
09:10	09:10	277.7	190.7		55.0	40.0	0.0	0	0
09:11	09:11	277.9	190.9		55.0	40.0	0.0	0	0
09:12	09:12	278.1	191.1		55.0	40.0	0.0	0	0
09:13	09:13	278.1	191.2		55.0	40.0	0.0	0	0
09:14	09:14	278.1	191.4		55.0	40.0	0.0	0	0
09:15	09:15	278.0	191.5		55.0	40.0	0.0	0	0
09:16	09:16	277.9	191.7		55.0	40.0	0.0	0	0
09:17	09:17	277.8	191.9		55.0	40.0	0.0	0	0
09:18	09:18	277.8	192.0		55.0	40.0	0.0	0	0
09:19	09:19	277.6	192.2		55.0	40.0	0.0	0	0
09:20	09:20	277.6	192.4		55.0	40.0	0.0	0	0
09:21	09:21	277.6	192.6		55.0	39.0	0.0	0	0
09:22	09:22	277.6	192.7		55.0	38.0	0.0	0	0
09:23	09:23	277.6	192.9		55.0	35.0	0.0	0	0
09:24	09:24	277.5	193.1		55.0	35.0	0.0	0	0
09:25	09:25	277.5	193.3		55.0	35.0	0.0	0	0
09:26	09:26	277.4	193.5		55.0	35.0	0.0	0	0
09:27	09:27	277.4	193.6		55.0	35.0	0.0	0	0
09:28	09:28	277.4	193.8		55.0	35.0	0.0	0	0
09:29	09:29	277.4	193.9		55.0	35.0	0.0	0	0
09:30	09:30	277.3	194.1		55.0	35.0	0.0	0	0
09:31	09:31	277.1	194.2		55.0	35.0	0.0	0	0
09:32	09:32	277.1	194.4		55.0	35.0	0.0	0	0
09:33	09:33	277.1	194.6		55.0	35.0	0.0	0	0
09:34	09:34	277.1	194.7		55.0	35.0	0.0	0	0
09:35	09:35	277.0	194.9		55.0	35.0	0.0	0	0
09:36	09:36	276.8	195.1		55.0	35.0	0.0	0	0
09:37	09:37	276.6	195.2		55.0	35.0	0.0	0	0
09:38	09:38	276.4	195.4		55.0	35.0	0.0	0	0
09:39	09:39	276.1	195.6		55.0	30.0	0.0	0	0
09:40	09:40	276.0	195.8		55.0	30.0	0.0	0	0
09:41	09:41	275.9	195.9		55.0	30.0	0.0	0	0
09:42	09:42	275.8	196.1		55.0	30.0	0.0	0	0
09:43	09:43	275.6	196.3		55.0	30.0	0.0	0	0
09:44	09:44	275.5	196.4		55.0	30.0	0.0	0	0
09:45	09:45	275.3	196.6		55.0	30.0	0.0	0	0
09:46	09:46	275.1	196.8		55.0	30.0	0.0	0	0
09:47	09:47	274.8	197.0		55.0	30.0	0.0	0	0
09:48	09:48	274.6	197.1		55.0	30.0	0.0	0	0
09:49	09:49	274.2	197.3		55.0	30.0	0.0	0	0
09:50	09:50	273.9	197.5		55.0	27.0	0.0	0	0
09:51	09:51	273.6	197.7		55.0	26.0	0.0	0	0
09:52	09:52	273.4	197.9		55.0	25.0	0.0	0	0
09:53	09:53	273.2	198.1		55.0	25.0	0.0	0	0
09:54	09:54	272.9	198.3		55.0	25.0	0.0	0	0
09:55	09:55	272.6	198.4		55.0	25.0	0.0	0	0
09:56	09:56	272.2	198.6		55.0	25.0	0.0	0	0
09:57	09:57	271.8	198.8		55.0	22.0	0.0	0	0
09:58	09:58	271.4	198.9		55.0	21.0	0.0	0	0
09:59	09:59	271.0	199.1		55.0	20.0	0.0	0	0
10:00	10:00	270.6	199.3		55.0	20.0	0.0	0	0
10:01	10:01	270.3	199.4		55.0	20.0	0.0	0	0
10:02	10:02	270.0	199.5		55.0	20.0	0.0	0	0
10:03	10:03	269.5	199.6		55.0	20.0	0.0	0	0
10:04	10:04	269.1	199.8	FCs	55.0	20.0	0.0	0	0
10:05	10:05	268.7	200.0		55.0	20.0	0.0	0	0
10:06	10:06	268.2	200.2		55.0	20.0	0.0	0	0
10:07	10:07	267.9	200.3		55.0	20.0	0.0	0	0
10:08	10:08	267.6	200.5		55.0	20.0	0.0	0	0
10:09	10:09	267.2	200.7		55.0	20.0	0.0	0	0
10:10	10:10	266.8	200.9		55.0	20.0	0.0	0	0
10:11	10:11	266.5	201.0		55.0	20.0	0.0	0	0
10:12	10:12	266.2	201.1		55.0	20.0	0.0	0	0
10:13	10:13	265.9	201.3		55.0	20.0	0.0	0	0
10:14	10:14	265.6	201.4		55.0	20.0	0.0	0	0
10:15	10:15	265.4	201.5		55.0	20.0	0.0	0	0
10:16	10:16	265.2	201.6		55.0	20.0	0.0	0	0
10:17	10:17	265.0	201.8		55.0	20.0	0.0	0	0
10:18	10:18	264.8	201.9		55.0	20.0	0.0	0	0
10:19	10:19	264.6	202.0		55.0	20.0	0.0	0	0
10:20	10:20	264.4	202.2		55.0	20.0	0.0	0	0
10:21	10:21	264.1	202.3		55.0	20.0	0.0	0	0
10:22	10:22	264.0	202.4		55.0	20.0	0.0	0	0
10:23	10:23	263.9	202.5		55.0	20.0	0.0	0	0
10:24	10:24	263.7	202.6		55.0	20.0	0.0	0	0
10:25	10:25	263.6	202.8		55.0	20.0	0.0	0	0
10:26	10:26	263.5	202.9		55.0	20.0	0.0	0	0
10:27	10:27	263.4	202.9		55.0	20.0	0.0	0	0
10:28	10:28	263.4	203.0		55.0	20.0	0.0	0	0
10:29	10:29	263.3	203.1		55.0	20.0	0.0	0	0
10:30	10:30	263.2	203.2		55.0	20.0	0.0	0	0
10:31	10:31	263.0	203.4		55.0	20.0	0.0	0	0
10:32	10:32	262.9	203.5		55.0	20.0	0.0	0	0
10:33	10:33	262.9	203.6		55.0	20.0	0.0	0	0
10:34	10:34	262.8	203.7		55.0	20.0	0.0	0	0
10:35	10:35	262.7	203.9		55.0	20.0	0.0	0	0
10:36	10:36	262.5	204.0		55.0	20.0	0.0	0	0
10:37	10:37	262.5	204.0		55.0	20.0	0.0	0	0
10:38	10:38	262.5	204.2		55.0	20.0	0.0	0	0
10:39	10:39	262.5	204.3		55.0	20.0	0.0	0	0
10:40	10:40	262.5	204.4		55.0	20.0	0.0	0	0
10:41	10:41	262.5	204.4		55.0	20.0	0.0	0	0
10:42	10:42	262.5	204.5		55.0	20.0	0.0	0	0
10:43	10:43	262.5	204.6		55.0	20.0	0.0	0	0
10:44	10:44	262.5	204.8		55.0	20.0	0.0	0	0
10:45	10:45	262.6	204.9		55.0	20.0	0.0	0	0
10:46	10:46	262.6	205.0		55.0	20.0	0.0	0	0
10:47	10:47	262.6	205.1		55.0	20.0	0.0	0	0
10:48	10:48	262.7	205.2		55.0	20.0	0.0	0	0
10:49	10:49	262.8	205.4		55.0	20.0	0.0	0	0
10:50	10:50	262.9	205.5		55.0	20.0	0.0	0	0
10:51	10:51	262.9	205.6		55.0	20.0	0.0	0	0
10:52	10:52	262.9	205.7		55.0	20.0	0.0	0	0
10:53	10:53	262.9	205.8		55.0	20.0	0.0	0	0
10:54	10:54	263.0	205.9		55.0	20.0	0.0	0	0
10:55	10:55	263.0	206.0		55.0	20.0	0.0	0	0
10:56	10:56	263.1	206.1		55.0	20.0	0.0	0	0
10:57	10:57	263.1	206.2		55.0	20.0	0.0	0	0
10:58	10:58	263.1	206.3		55.0	20.0	0.0	0	0
10:59	10:59	263.0	206.4		55.0	20.0	0.0	0	0
11:00	11:00	262.9	206.5		55.0	20.0	0.0	0	0
11:01	11:01	262.9	206.6		55.0	20.0	0.0	0	0
11:02	11:02	262.8	206.7		55.0	20.0	0.0	0	0
11:03	11:03	262.8	206.8		55.0	15.0	0.0	0	0
11:04	11:04	262.8	207.0		55.0	14.0	0.0	0	0
11:05	11:05	262.8	207.1		55.0	15.0	0.0	0	0
11:06	11:06	262.8	207.2		55.0	15.0	0.0	0	0
11:07	11:07	262.7	207.3		55.0	15.0	0.0	0	0
11:08	11:08	262.6	207.4		55.0	16.0	0.0	0	0
11:09	11:09	262.4	207.5		55.0	16.0	0.0	0	0
11:10	11:10	262.2	207.6		55.0	15.0	0.0	0	0
11:11	11:11	261.9	207.7		55.0	15.0	0.0	0	0
11:12	11:12	261.7	207.8		55.0	15.0	0.0	0	0
11:13	11:13	261.6	207.8		55.0	16.0	0.0	0	0
11:14	11:14	261.3	207.9		55.0	16.0	0.0	0	0
11:15	11:15	261.1	208.0		55.0	16.0	0.0	0	0
11:16	11:16	260.9	208.1		55.0	16.0	0.0	0	0
11:17	11:17	260.7	208.3		55.0	16.0	0.0	0	0
11:18	11:18	260.4	208.3		55.0	16.0	0.0	0	0
11:19	11:19	260.1	208.4		55.0	16.0	0.0	0	0
11:20	11:20	260.0	208.5		55.0	16.0	0.0	0	0
11:21	11:21	259.8	208.6		55.0	16.0	0.0	0	0
11:22	11:22	259.6	208.7		55.0	15.0	0.0	0	0
11:23	11:23	259.5	208.7		55.0	15.0	0.0	0	0
11:24	11:24	259.4	208.8		55.0	15.0	0.0	0	0
11:25	11:25	259.3	208.9		55.0	16.0	0.0	0	0
11:26	11:26	259.2	209.0		55.0	16.0	0.0	0	0
11:27	11:27	259.0	209.1		55.0	16.0	0.0	0	0
11:28	11:28	258.9	209.2		55.0	16.0	0.0	0	0
11:29	11:29	258.8	209.2		55.0	16.0	0.0	0	0
11:30	11:30	258.7	209.3		55.0	16.0	0.0	0	0
11:31	11:31	258.7	209.4		55.0	16.0	0.0	0	0
11:32	11:32	258.7	209.4		55.0	16.0	0.0	0	0
11:33	11:33	258.7	209.5		55.0	16.0	0.0	0	0
11:34	11:34	258.7	209.7		55.0	16.0	0.0	0	0
11:35	11:35	258.7	209.8		55.0	16.0	0.0	0	0
11:36	11:36	258.6	209.9		55.0	16.0	0.0	0	0
11:37	11:37	258.6	210.0		55.0	16.0	0.0	0	0
11:38	11:38	258.6	210.1		55.0	16.0	0.0	0	0
11:39	11:39	258.6	210.2		55.0	16.0	0.0	0	0
11:40	11:40	258.6	210.2		55.0	16.0	0.0	0	0
11:41	11:41	258.7	210.3		55.0	16.0	0.0	0	0
11:42	11:42	258.7	210.3		55.0	16.0	0.0	0	0
11:43	11:43	258.7	210.4		55.0	16.0	0.0	0	0
11:44	11:44	258.7	210.6		55.0	16.0	0.0	0	0
11:45	11:45	258.7	210.6		55.0	15.0	0.0	0	0
11:46	11:46	258.6	210.7		55.0	15.0	0.0	0	0
11:47	11:47	258.6	210.7		55.0	15.0	0.0	0	0
11:48	11:48	258.6	210.9		55.0	15.0	0.0	0	0
11:49	11:49	258.6	211.0		55.0	15.0	0.0	0	0
11:50	11:50	258.5	211.1		55.0	15.0	0.0	0	0
11:51	11:51	258.4	211.2		55.0	15.0	0.0	0	0
11:52	11:52	258.4	211.3		55.0	15.0	0.0	0	0
11:53	11:53	258.3	211.4		55.0	15.0	0.0	0	0
11:54	11:54	258.2	211.5		55.0	15.0	0.0	0	0
11:55	11:55	258.0	211.6		55.0	15.0	0.0	0	0
11:56	11:56	257.8	211.7		55.0	15.0	0.0	0	0
11:57	11:57	257.6	211.8		55.0	15.0	0.0	0	0
11:58	11:58	257.5	211.9		55.0	15.0	0.0	0	0
11:59	11:59	257.4	212.0		55.0	15.0	0.0	0	0
12:00	12:00	257.3	212.1		55.0	15.0	0.0	0	0
12:01	12:01	257.2	212.1		55.0	15.0	0.0	0	0
12:02	12:02	257.2	212.2		55.0	15.0	0.0	0	0
12:03	12:03	257.2	212.3		55.0	15.0	0.0	0	0
12:04	12:04	257.2	212.4		55.0	15.0	0.0	0	0
12:05	12:05	257.2	212.5		59.0	15.0	0.0	0	0
12:06	12:06	257.2	212.6		59.0	15.0	0.0	0	0
12:07	12:07	257.3	212.6		60.0	15.0	0.0	0	0
12:08	12:08	257.3	212.7		60.0	15.0	0.0	0	0
12:09	12:09	257.3	212.7		60.0	15.0	0.0	0	0
12:10	12:10	257.3	212.8		60.0	15.0	0.0	0	0
12:11	12:11	257.3	212.9		60.0	15.0	0.0	0	0
12:12	12:12	257.3	213.0		60.0	15.0	0.0	0	0
12:13	12:13	257.3	213.1		60.0	15.0	0.0	0	0
12:14	12:14	257.3	213.2		60.0	15.0	0.0	0	0
12:15	12:15	257.3	213.3		60.0	15.0	0.0	0	0
12:16	12:16	257.3	213.4		60.0	15.0	0.0	0	0
12:17	12:17	257.2	213.5		60.0	15.0	0.0	0	0
12:18	12:18	257.2	213.6		60.0	15.0	0.0	0	0
12:19	12:19	257.1	213.7		60.0	15.0	0.0	0	0
12:20	12:20	257.1	213.8		60.0	15.0	0.0	0	0
12:21	12:21	257.0	213.9		60.0	15.0	0.0	0	0
12:22	12:22	257.0	214.0		60.0	15.0	0.0	0	0
12:23	12:23	257.0	214.1		60.0	15.0	0.0	0	0
12:24	12:24	257.0	214.2		60.0	15.0	0.0	0	0
12:25	12:25	257.0	214.3		60.0	15.0	0.0	0	0
12:26	12:26	257.0	214.4		60.0	15.0	0.0	0	0
12:27	12:27	257.0	214.4		60.0	15.0	0.0	0	0
12:28	12:28	257.0	214.5		60.0	15.0	0.0	0	0
12:29	12:29	257.0	214.5		60.0	13.0	0.0	0	0
12:30	12:30	257.1	214.7		60.0	13.0	0.0	0	0
12:31	12:31	257.2	214.8		60.0	12.0	0.0	0	0
12:32	12:32	257.2	214.8		60.0	12.0	0.0	0	0
12:33	12:33	257.3	214.9		60.0	12.0	0.0	0	0
12:34	12:34	257.4	215.0		60.0	12.0	0.0	0	0
12:35	12:35	257.4	215.1		60.0	12.0	0.0	0	0
12:36	12:36	257.4	215.2		60.0	12.0	0.0	0	0
12:37	12:37	257.1	215.3		60.0	12.0	0.0	0	0
12:38	12:38	256.8	215.4		60.0	12.0	0.0	0	0
12:39	12:39	256.4	215.5		60.0	12.0	0.0	0	0
12:40	12:40	256.1	215.6		60.0	12.0	0.0	0	0
12:41	12:41	256.0	215.7		60.0	12.0	0.0	0	0
12:42	12:42	255.9	215.8		60.0	12.0	0.0	0	0
12:43	12:43	255.9	215.9		60.0	12.0	0.0	0	0
12:44	12:44	255.9	216.0		60.0	12.0	0.0	0	0
12:45	12:45	255.9	216.1		60.0	12.0	0.0	0	0
12:46	12:46	255.9	216.2		60.0	10.0	0.0	0	0
12:47	12:47	255.9	216.3		60.0	9.0	0.0	0	0
12:48	12:48	255.9	216.5		60.0	9.0	0.0	0	0
12:49	12:49	255.9	216.5		60.0	9.0	0.0	0	0
12:50	12:50	255.9	216.7		60.0	9.0	0.0	0	0
12:51	12:51	255.9	216.8		60.0	9.0	0.0	0	0
12:52	12:52	255.9	216.9		60.0	9.0	0.0	0	0
12:53	12:53	255.8	217.0		60.0	9.0	0.0	0	0
12:54	12:54	255.6	217.2		60.0	9.0	0.0	0	0
12:55	12:55	255.2	217.2		60.0	9.0	0.0	0	0
12:56	12:56	254.9	217.4		60.0	9.0	0.0	0	0
12:57	12:57	254.6	217.4	DROP	60.0	9.0	0.0	0	0
